id,name,age,grade,email
1,"Chelsea Hernandez",18,E,collinspeter@example.com
2,"Eddie Lee",30,B,cowens@example.org
3,"Barry Hester",22,A,ywagner@example.com
4,"Barbara House",19,C,kevinmoore@example.org
5,"Allison Long",27,B,wrightjacqueline@example.org
6,"Rose Hall",18,E,arroyotommy@example.org
7,"Nicole Morales",29,C,millerbrittany@example.org
8,"David Nguyen",23,A,sandracampbell@example.net
9,"William Ortiz",23,F,qhayden@example.net
10,"Karl Andrews",28,C,nicholas46@example.com
11,"Mr. Bill Miles",25,A,vwilliams@example.com
12,"Jack Warren",23,E,dflores@example.net
13,"Cameron Fox",26,A,edwardgarcia@example.net
14,"Suzanne Jefferson",29,C,gfranklin@example.net
15,"Patricia Carter",30,E,matthewhunter@example.net
16,"Peter Francis",20,D,charris@example.com
17,"Heather Higgins",19,A,nicole32@example.net
18,"Monica Parker",30,A,irice@example.com
19,"Marisa Johnston",27,B,jessicastark@example.com
20,"Joseph Washington",19,B,urandall@example.org
21,"Christina Moore",27,D,xhamilton@example.com
22,"Ronald Sutton",24,C,shannonfowler@example.net
23,"Patrick Valdez",19,A,jessegarcia@example.net
24,"Michael Williams",28,B,cynthiaturner@example.com
25,"Rodney Armstrong",22,C,elizabeth59@example.net
26,"Peggy Cook",19,D,karendennis@example.org
27,"James Collins",20,E,simonmiguel@example.com
28,"Kent Ramsey",21,F,lmorris@example.org
29,"Samuel Wood",19,F,ashleyali@example.org
30,"Devin Carlson",20,C,josephthornton@example.net
31,"Mr. James Snyder",28,E,jeffsloan@example.com
32,"Kim Davis",25,C,colejeremiah@example.com
33,"David Gregory",30,B,amy90@example.com
34,"Tara Williams",19,B,kendrahess@example.com
35,"Brenda Davies",24,D,juliepeterson@example.com
36,"Mark Stafford",25,B,carterdavid@example.org
37,"Diane Goodman",22,D,julie24@example.org
38,"Jonathan Ryan",27,D,emily87@example.net
39,"Megan Bowers",24,F,bryantheather@example.net
40,"Marvin Ali",23,D,coopermichelle@example.net
41,"David Jones",30,E,karenibarra@example.org
42,"Cory Bradshaw",23,F,buckleycarol@example.net
43,"Karen White",20,D,campbelljuan@example.org
44,"Dale Gregory",19,D,ysims@example.net
45,"Sandra Kelly",24,E,katieandrews@example.net
46,"Catherine Hill DDS",21,F,alan07@example.org
47,"Daniel Powell",20,F,ghughes@example.net
48,"Karen Ellis",22,C,debrapeck@example.org
49,"Leslie Brennan",27,C,kristinawilliams@example.com
50,"Isaac Wilcox",28,F,spenceraaron@example.net
51,"Allen Tucker",20,F,wmorris@example.net
52,"Marvin Wiggins",27,B,clarkjohn@example.net
53,"Andre Webb",18,A,hollykelly@example.org
54,"Justin Vaughn",28,B,heathertaylor@example.com
55,"Roger Johnson",25,E,heatherwilliams@example.org
56,"Raymond Mckenzie",22,E,christinemiller@example.com
57,"Christine Nixon",28,C,joe01@example.net
58,"Sarah King",26,B,nmcguire@example.com
59,"Denise King",25,B,bakerjacqueline@example.org
60,"Kevin Norris",21,B,jenniferadkins@example.org
61,"Elizabeth Hurley",22,B,ashleyhoward@example.com
62,"Benjamin Palmer",23,F,shepardkenneth@example.org
63,"Matthew Duran",26,A,rwilliams@example.org
64,"Peter Sparks",29,A,laura20@example.com
65,"Shawn Davenport",18,B,robertsmith@example.com
66,"Randy Little",30,C,rebeccafox@example.org
67,"Elizabeth Murray",19,D,lukelopez@example.org
68,"John Chambers",20,A,jeffrey57@example.com
69,"Jacob Becker",20,C,barbara55@example.com
70,"Tara Garcia",30,E,arnoldcandice@example.net
71,"Troy Fritz",23,B,dpetersen@example.com
72,"Jennifer Norris",24,A,chrismercer@example.net
73,"Mary Green",30,F,ehicks@example.net
74,"Ashley Waters",27,E,fhernandez@example.net
75,"Patrick Rogers",19,A,josefisher@example.net
76,"James Davis",25,D,agreene@example.org
77,"Selena Moreno",27,F,penamichael@example.com
78,"George Lopez",27,D,karenbrown@example.com
79,"Lisa Erickson",20,D,kkim@example.com
80,"Crystal Thomas",19,F,chapmantracey@example.org
81,"Mary Hernandez",26,B,holttammy@example.com
82,"Neil Martin",28,A,brianjones@example.net
83,"Michael Anderson",21,E,ymiller@example.com
84,"Angela Rose",26,F,lsmith@example.org
85,"Nicole Thomas",21,B,ricemary@example.com
86,"Jesse Reynolds",23,D,jasonwilliamson@example.com
87,"Kathy Ortega",21,C,irubio@example.org
88,"James Ferguson",27,E,elizabeth70@example.org
89,"Amy Morales",20,E,collinstyler@example.com
90,"Dana Powers",25,F,vanderson@example.com
91,"Elizabeth Cline",26,F,shermanjackson@example.com
92,"Matthew Moran",28,E,atkinschristopher@example.com
93,"Mary Wood",27,D,coopercarlos@example.net
94,"Robert Davis",19,A,nancy07@example.com
95,"Kelly Wells",28,B,alexis54@example.net
96,"Alyssa Walker",25,C,carl43@example.org
97,"Eric Munoz",19,B,hayestaylor@example.com
98,"James Young",23,B,jenniferthompson@example.com
99,"Travis Yu",20,B,ryan10@example.net
100,"Paul Allen MD",28,D,andreafox@example.org
101,"Andrea Morris",19,D,harrisolivia@example.net
102,"Dylan Meadows",21,F,quinndavid@example.org
103,"Jon Turner",27,D,donald28@example.org
104,"Billy Lynn",18,E,jeffreychapman@example.com
105,"Mia Robinson",25,E,davidlarson@example.org
106,"David Jones",27,F,jtrevino@example.org
107,"Kevin Snyder",19,E,jenniferdean@example.net
108,"William Campbell",18,B,foleymarie@example.org
109,"Lindsey Torres",18,A,brownjeremy@example.net
110,"Alicia Martin",24,E,mstokes@example.com
111,"Natalie Hernandez",21,E,williamswilliam@example.org
112,"Amanda Alexander",18,C,erinjones@example.com
113,"Sarah Wagner",19,A,brandonknox@example.net
114,"James Scott",18,C,ngarcia@example.net
115,"James Wade",23,A,fmercado@example.com
116,"Bonnie Sanchez",29,D,steve34@example.net
117,"Samuel Miller",24,F,lwhite@example.org
118,"Aaron Miller",28,A,manderson@example.org
119,"Marie Stevenson",29,B,jonathanthompson@example.org
120,"Thomas Russell",29,A,kburnett@example.com
121,"Rhonda Whitney",28,B,janiceclark@example.com
122,"Jennifer David",20,C,james79@example.com
123,"Andrew Wright",18,A,antonio78@example.org
124,"Angela Russell",25,C,michael75@example.net
125,"Robert Cox",23,E,andrewrodriguez@example.net
126,"Heather Bates",22,B,alex73@example.net
127,"Laurie Ortiz",29,F,sarahnicholson@example.com
128,"Eugene Mann",22,E,ddavis@example.net
129,"James Copeland",27,C,bwilson@example.net
130,"Suzanne Webster",24,F,dennisfoster@example.org
131,"Jennifer Morris",24,B,joshuamendoza@example.com
132,"Steven Robinson",26,B,lauriesparks@example.org
133,"Miranda Sims",25,D,ibaker@example.com
134,"Anthony Kirby",23,C,courtneywalsh@example.net
135,"Joshua Diaz",27,F,gallegoslori@example.net
136,"Steven Perry",25,E,ecline@example.com
137,"Susan Davis",24,D,mark20@example.com
138,"Patricia Morris",23,A,kristine96@example.org
139,"Todd Roberts",26,C,hfrench@example.net
140,"Steven Campbell",20,E,anthony14@example.com
141,"William Patton",24,A,theresalin@example.com
142,"Morgan Leonard",28,A,michaelpennington@example.net
143,"Tracie Richardson",27,C,xgraham@example.com
144,"Jerome Ruiz",21,A,brianpowell@example.net
145,"Karla Rodriguez",29,C,kevinjames@example.net
146,"Kurt Fuller",20,B,kayla27@example.net
147,"Anna Trevino",27,B,shelia61@example.net
148,"Tanya Hall",20,F,michele74@example.com
149,"Paul Donovan",21,B,hrodriguez@example.org
150,"Martin Dixon",29,D,jasonhill@example.com
151,"Sherry Watson",20,C,jessicamills@example.org
152,"Andrew Taylor",19,C,anna90@example.org
153,"Christina Smith",27,F,westhannah@example.com
154,"Kristen Patterson",30,C,carolmartinez@example.org
155,"Miss Stephanie Robinson DVM",21,C,ann22@example.com
156,"Tammy Mcintyre",22,D,michaelrogers@example.com
157,"Sheila Manning",29,A,valdezdan@example.com
158,"Brian Johnson",21,D,icarter@example.com
159,"Monique Hinton",18,F,sara99@example.org
160,"Robert Carter",22,F,manuelbarker@example.net
161,"Jennifer Bond",25,A,nathanhuffman@example.com
162,"Ms. Terri Torres",22,B,marquezjacqueline@example.net
163,"Gina Perez",24,C,rodney20@example.com
164,"Nicole Hartman",25,B,turnerwilliam@example.com
165,"David Johnson",25,D,richard29@example.net
166,"Stephanie Clark",24,D,christine07@example.com
167,"Jason Brown",23,C,russell48@example.org
168,"Patricia Graham",18,A,robertsonrandy@example.org
169,"Daniel Cervantes",25,C,arnolddavid@example.com
170,"Jessica Pierce",30,A,ygeorge@example.net
171,"Sean Murphy",18,A,wesleymartin@example.com
172,"Nicole Garcia",18,E,kingcindy@example.com
173,"Emily Thomas",26,D,huffmanedwin@example.com
174,"Ronald Lewis",19,C,ronnie19@example.net
175,"Amy Durham",20,E,pfrey@example.org
176,"Scott Griffith",20,D,jeffrey21@example.org
177,"Hunter Nelson",21,A,edward90@example.com
178,"Sarah Walls",19,F,lewistheresa@example.org
179,"Victoria Anderson",28,C,ashley50@example.com
180,"Heidi Buchanan",19,E,ann42@example.org
181,"Sherry Ballard",19,B,terrymegan@example.org
182,"Marcus Gonzales",20,E,pphelps@example.com
183,"Robert Mann",21,B,keithkoch@example.net
184,"Lori Christensen",28,F,amandajohnson@example.org
185,"Joshua May",28,C,taylorwilson@example.org
186,"Crystal Ray",27,E,zperez@example.com
187,"Mary Hall",18,E,ksanchez@example.net
188,"Savannah Cantrell",30,E,vjones@example.com
189,"Michael Turner",27,A,irios@example.com
190,"Robert Andersen",23,D,gmartin@example.org
191,"Brian Richardson",25,D,nlee@example.com
192,"Michael Shepard",23,E,oliviarhodes@example.org
193,"Jillian Farmer",29,B,wileyjill@example.org
194,"Erin Gentry",18,E,kylereed@example.com
195,"Daniel Cruz",21,D,vromero@example.net
196,"Kyle Douglas",25,E,jonathan65@example.org
197,"Julia Schmidt",19,A,jeffrey35@example.net
198,"Jeffery Robbins",20,F,dylan98@example.com
199,"Walter Romero",24,A,smithdennis@example.com
200,"Marc Dunn",23,E,elizabethmorgan@example.com
201,"Debra Graves",22,A,uhenson@example.net
202,"Meredith Hall",23,C,connor23@example.net
203,"Christian Vaughn",22,B,lisa40@example.net
204,"Jennifer Hall",26,E,feliciagamble@example.net
205,"Joanna Dixon",23,A,adrian45@example.net
206,"Jeffrey Hoover",22,B,justin88@example.net
207,"Maria Wright",24,B,ewhite@example.net
208,"Lisa Kline",22,E,michael52@example.net
209,"Joshua Terry",21,D,boothamy@example.org
210,"Tonya Hunt",23,A,christopher69@example.net
211,"Isaiah Torres MD",27,E,olivia66@example.org
212,"Jenna Tate",24,C,lolson@example.com
213,"Eric Walker",19,F,greerwilliam@example.org
214,"Mark Morales",19,F,sara23@example.com
215,"Christina Fox",20,E,melissatodd@example.net
216,"Shelly Mccarthy",23,A,beverlygross@example.com
217,"Lindsay Wells",28,C,brett56@example.org
218,"Alicia Mcclain",30,B,robertmoody@example.com
219,"Jessica Decker",25,B,thomaskimberly@example.org
220,"Amy Lee",26,D,eedwards@example.com
221,"Dan Hunt",20,C,xmathis@example.com
222,"Alejandro Newton",27,C,lewisbrian@example.com
223,"Jonathan Acevedo",23,C,adamsnancy@example.com
224,"Jill Nelson",28,A,jgallagher@example.org
225,"Reginald Conley",27,E,jeffreybradshaw@example.net
226,"Justin Dennis",23,A,dcox@example.net
227,"Sarah Torres",30,F,matthew77@example.org
228,"Patricia Douglas",20,B,logankevin@example.org
229,"Terri Smith",20,E,harrischad@example.org
230,"Jennifer King",28,A,lisasmith@example.net
231,"Michael Farrell",25,A,jonesalicia@example.com
232,"Andrew Hogan",26,C,kinglisa@example.com
233,"Tony Evans",19,C,qmccoy@example.com
234,"Alicia Stevens",22,A,samuel29@example.com
235,"Lorraine Campbell",21,E,tbrock@example.com
236,"Wendy Fry",22,F,lukeglenn@example.org
237,"Robert Jones",26,C,amanda93@example.net
238,"Jennifer Nelson",30,F,crystal40@example.com
239,"Emily Franklin",29,F,murrayamanda@example.net
240,"Jessica Wolfe",23,C,shawjohn@example.com
241,"Ashley Cooper",20,A,serranopaul@example.org
242,"Michael Davis",22,F,houstonstacey@example.org
243,"Alison Mcneil",26,E,leemargaret@example.net
244,"Vanessa Daugherty",18,C,juanwilliams@example.net
245,"Jessica Perez",27,E,sallyturner@example.net
246,"Jennifer Ruiz",22,B,perryisabella@example.org
247,"Antonio Scott",26,F,otaylor@example.com
248,"Rebecca Choi",28,E,rachelgrant@example.com
249,"Janet Perez",21,A,michael42@example.net
250,"Joshua Johnson",23,F,rojastiffany@example.com
251,"Emily Copeland",24,D,gravesstephen@example.com
252,"Matthew Edwards",28,C,meyerjason@example.net
253,"Timothy Carey",23,F,wigginsaustin@example.net
254,"Kendra Bailey",30,B,robertdecker@example.com
255,"Daniel Martinez",26,E,vpowell@example.com
256,"Megan Robinson",26,F,amymoore@example.com
257,"Robert Church",23,B,kmathews@example.net
258,"Thomas Arnold",19,C,ericriley@example.net
259,"Shari Smith",26,C,jhale@example.com
260,"Brenda Choi",30,B,warnerjustin@example.net
261,"Diana Richardson PhD",18,D,kvelasquez@example.com
262,"Keith Patterson",20,B,johnsonstacy@example.com
263,"Joseph Cunningham",23,B,kingthomas@example.net
264,"Michael Jones",22,B,perryjones@example.org
265,"Jessica Hill",23,D,kendragolden@example.com
266,"Lynn Wallace",25,E,shepherdrobert@example.org
267,"Olivia Thompson",27,C,dhenderson@example.com
268,"Sheryl Blevins",29,A,kaisernathaniel@example.com
269,"Suzanne Pena",29,D,savannah60@example.net
270,"Zachary Jackson",23,F,ayalacynthia@example.net
271,"Denise Flowers",19,E,denisenelson@example.com
272,"Stacy Valdez",27,D,teresa59@example.com
273,"Michael Ward",22,F,jmiller@example.net
274,"Jill Zuniga",22,B,joshuadavidson@example.com
275,"Eric Johnson",21,D,melissahuber@example.org
276,"Jaime Fields",26,F,georgemoore@example.org
277,"Robert Johnson",19,E,andrew33@example.org
278,"Julia Dyer",18,E,iwilliams@example.com
279,"Jessica Nguyen",29,F,ireid@example.org
280,"Kirk Davidson",27,B,rcisneros@example.org
281,"Justin Griffin",28,A,daniellegrant@example.org
282,"Joseph Howard",22,F,jamiepatterson@example.net
283,"Lisa Adams",25,A,clarkejamie@example.com
284,"Christopher Carter",24,C,hernandezjohn@example.org
285,"Taylor Harris",30,D,sara61@example.com
286,"John Daniels",20,E,yjordan@example.com
287,"Christopher Dixon",23,F,april94@example.com
288,"Christine Stein",28,C,kevin08@example.net
289,"James Hunter",26,C,angela61@example.org
290,"Timothy Scott",20,A,lisapena@example.com
291,"Michael Massey",26,F,diazamy@example.com
292,"Rebecca Benton",21,E,thomaspalmer@example.com
293,"Erik Webb",24,F,steven98@example.com
294,"Joe Bowman",27,B,kristinlee@example.org
295,"Wesley Smith",19,B,kimberlyjones@example.org
296,"Joseph Martin",30,D,gomezryan@example.com
297,"Hannah Mccormick",19,B,corey29@example.net
298,"Kevin Martinez",20,F,yrandolph@example.com
299,"Tiffany Sanchez",24,F,phillipsjoshua@example.org
300,"Darrell Phillips",29,C,operez@example.org
301,"Daniel Harris",23,E,alexamann@example.com
302,"Ana Ware",24,D,shirley17@example.net
303,"Joanne Vazquez",30,E,amorales@example.com
304,"Kathleen Perkins",23,F,kathrynwiggins@example.com
305,"Zachary Howell",30,D,kevingross@example.org
306,"Angela Johnson",20,B,nathan41@example.net
307,"Gloria Hammond",29,B,ntaylor@example.net
308,"Joshua Simmons",25,E,mcunningham@example.net
309,"Catherine King",21,E,lnorton@example.com
310,"Rachel Nelson",27,B,wharrell@example.net
311,"Annette Davis",18,F,jeffery38@example.net
312,"Jennifer Wells",24,E,michaeljoseph@example.org
313,"Stephen Wiggins",27,B,munoznicole@example.org
314,"Benjamin Allison",28,A,patelbradley@example.com
315,"Amanda Armstrong",22,C,dzimmerman@example.net
316,"Kimberly Harvey",20,B,garciatina@example.org
317,"Elizabeth Vargas",22,D,lrodriguez@example.org
318,"Anthony Jackson",23,C,katiemendoza@example.com
319,"Carla Herrera",27,D,jordanmonica@example.org
320,"Caitlin Moss",27,E,ronald02@example.com
321,"Amanda Hill",20,A,candice50@example.net
322,"Yesenia Russell",19,A,lindadavis@example.net
323,"Rachel Shah",22,A,rpowers@example.org
324,"Grant Burton",22,C,nicole53@example.net
325,"Whitney Perez",21,F,todd76@example.org
326,"Megan Cooper",20,E,michaellee@example.net
327,"Michelle Casey",27,C,wrodgers@example.com
328,"Michael Coleman",20,C,jamie78@example.com
329,"Stephen Dunn",22,F,courtneyvega@example.net
330,"Raymond Byrd",30,B,kyle48@example.net
331,"Kimberly Diaz",22,F,jasmin28@example.net
332,"Jamie Scott",29,B,brian08@example.net
333,"Sandra Howell",21,A,brittanyortega@example.com
334,"Russell Warren",21,B,reyesrandall@example.net
335,"Adam Evans",19,C,johnny68@example.org
336,"Jessica Estrada",19,C,lauren65@example.net
337,"Kevin Clark",21,F,christopher24@example.com
338,"Jamie Mcmahon",20,F,rogerguzman@example.net
339,"James Alvarez",23,F,christopheryoung@example.com
340,"Stephanie Gomez",27,B,vanessa19@example.net
341,"Jessica Myers",26,B,brandysanchez@example.org
342,"Ashley Kelley",22,D,alejandrostout@example.com
343,"Dr. Haley Montgomery",18,B,rachel66@example.com
344,"Eric Perkins",20,B,martinezjenny@example.net
345,"Justin Johnson",23,F,ericlloyd@example.com
346,"Debra Wolfe",25,B,wanda21@example.net
347,"Jason Castillo",19,A,malonebilly@example.net
348,"Danielle Newman",26,E,uhuang@example.net
349,"Kenneth Castillo",29,C,nking@example.org
350,"Maria Alexander",28,E,melissafarley@example.org
351,"Brandi Edwards",28,A,hjackson@example.org
352,"Sergio Sloan",28,D,qmoss@example.com
353,"Heather Clayton",21,A,craigroman@example.net
354,"Michael Parker",29,B,brittany67@example.org
355,"Sheila Estrada",28,F,qharris@example.com
356,"Samantha Mccarthy",24,F,joshua74@example.org
357,"Alec Daniels",23,F,boydheather@example.org
358,"Kristy Roberts",29,A,langderrick@example.org
359,"Samantha Duffy",18,A,danielle68@example.com
360,"Susan Scott",24,F,williamsjonathan@example.com
361,"Amy Salas",24,E,karen45@example.org
362,"Angelica Ballard",25,B,amy24@example.net
363,"Brian Torres",18,E,melaniewoodward@example.com
364,"Marie Roth",26,D,randall63@example.com
365,"Alexander Robinson",25,B,fabbott@example.com
366,"Adrian Castaneda",24,D,ryan89@example.net
367,"Jenna Bradshaw",21,C,ralph61@example.com
368,"Jason Mills",24,E,haley87@example.org
369,"Nathan Spencer",23,F,jessica25@example.com
370,"Michael Alvarado",26,F,zconrad@example.com
371,"Mrs. Jessica Small DDS",30,E,kimberlytran@example.org
372,"Rebecca Moreno",18,C,jason16@example.com
373,"Hailey Wilson",30,C,thompsonleslie@example.net
374,"Cheyenne Gill",23,A,hugheszachary@example.com
375,"Samantha Miller",18,F,allenrios@example.net
376,"Kayla Walker",21,D,blowe@example.org
377,"George Tran",28,D,harrisemily@example.org
378,"Kimberly Eaton",29,A,mcculloughjason@example.com
379,"Nicholas Brooks",29,D,yolanda52@example.net
380,"Anthony Riggs",23,E,woodwardmelinda@example.com
381,"Melissa Ramos",30,A,monicawright@example.net
382,"Andrew Hayes",25,C,kathleenbutler@example.com
383,"Matthew Guzman",22,E,darryljennings@example.net
384,"Tim Cobb",23,B,jmiller@example.com
385,"Nicholas Edwards",18,D,nherrera@example.net
386,"Gregory Miller",24,C,lisathompson@example.com
387,"Daniel Small",19,A,brianchase@example.net
388,"Brandi Dawson",22,A,darrell24@example.net
389,"Richard Miles",30,C,angela51@example.org
390,"Hannah Gray",20,B,millerkimberly@example.net
391,"Tammy Brooks",28,D,elizabeth91@example.net
392,"Carolyn Phillips",20,E,brittanyhartman@example.org
393,"Dustin Castaneda",19,C,tracyrhodes@example.net
394,"Allison Jordan",22,F,rebeccamoore@example.com
395,"Robin Marquez",25,E,melissa30@example.com
396,"Courtney Mcdowell",23,A,agarcia@example.com
397,"Daniel Oliver",20,B,christopher00@example.net
398,"Christina Alexander",26,C,cummingsjessica@example.org
399,"Katherine Gonzalez",30,E,fscott@example.net
400,"Jennifer Solis",19,C,progers@example.net
401,"Richard Mccullough",22,E,waynewoodard@example.com
402,"Rachael Santana",22,D,tparks@example.com
403,"Joseph Spencer",20,F,christian64@example.net
404,"George Price",29,C,iwilson@example.org
405,"Melissa Arnold",26,B,robbinsadam@example.com
406,"Nicholas Durham",30,C,kking@example.com
407,"Kathy Guzman",21,D,fordfrances@example.net
408,"Stacy Miller",21,E,joshua58@example.com
409,"James Williams",21,F,lauracurtis@example.net
410,"Erin Harper",19,E,kduncan@example.org
411,"Alex Sims",26,D,juanjones@example.com
412,"Jason Weber",21,F,steven62@example.org
413,"Amy Smith",25,B,shorttara@example.net
414,"Katelyn Kennedy",23,B,wwilliams@example.org
415,"Joseph Blevins",19,E,colekimberly@example.com
416,"Chelsea Mckenzie",18,C,ryan21@example.net
417,"Scott Jennings",20,D,zrios@example.net
418,"Kelly Hamilton",21,E,kennedydavid@example.net
419,"Darrell Castillo",26,A,fishermichael@example.com
420,"Richard Cook",18,E,johnsonjenna@example.com
421,"Wendy Davis",27,E,hmccormick@example.net
422,"Mr. Jesus Patrick",21,D,vasquezpatricia@example.net
423,"Brittney Wolfe DDS",23,A,laurajones@example.org
424,"Timothy Massey",28,A,garciamichael@example.com
425,"Amy Rocha",18,C,gilbertalicia@example.org
426,"Melissa Spencer",24,D,yfrye@example.com
427,"Ronald Ward",18,A,xbender@example.net
428,"Matthew Ali Jr.",27,D,eric56@example.org
429,"Veronica Chan",29,E,dustinwright@example.net
430,"Brian Jackson",30,F,xkaiser@example.net
431,"Scott Wise",19,E,vgray@example.org
432,"Thomas Reed",21,C,david98@example.com
433,"Michael Molina",27,F,kevinlewis@example.com
434,"Lauren Ochoa",29,D,dana11@example.com
435,"Andrew Ingram",20,B,taylorwilkins@example.org
436,"Debbie Richardson",21,A,kyleeaton@example.net
437,"Ariel Garner",24,A,doughertyjennifer@example.org
438,"Jaime Guzman",23,E,william75@example.net
439,"Alisha Smith",29,D,bbryant@example.com
440,"Rachel Woods",27,F,jmartinez@example.com
441,"Andrea Jones",24,C,davidvelez@example.org
442,"Jeffrey Arnold DDS",21,F,fgould@example.com
443,"Abigail Berger",22,D,navarrocaleb@example.com
444,"Kenneth Robertson",26,B,aprilwalton@example.com
445,"Richard Leon",26,E,yvette46@example.net
446,"Jonathan Thompson",23,B,danielleon@example.net
447,"Mrs. Frances Ramirez MD",21,C,yburton@example.org
448,"Katrina Rogers",21,C,quinndaniel@example.com
449,"Sheila Hamilton",28,A,cjohnson@example.net
450,"Veronica Gonzales",24,C,rebecca43@example.org
451,"Melissa Perez",19,A,qodonnell@example.net
452,"Theresa Johns",19,F,durhamlauren@example.org
453,"John Turner",24,E,erin50@example.com
454,"Jason Sellers",25,F,jjohnson@example.com
455,"Amy Kelley",26,A,briana00@example.net
456,"Victoria Johnson",23,E,cardenasrobert@example.net
457,"Tanner Walter",21,D,marcia36@example.com
458,"Yesenia Bryant",19,C,hartjames@example.org
459,"Melody Rios",21,B,brandysantana@example.com
460,"Yvonne Cruz",28,A,dfletcher@example.net
461,"Melissa Orozco",18,C,nharris@example.net
462,"Travis Morales",20,C,zcook@example.net
463,"Christopher Green",24,D,eric48@example.net
464,"Stephen Nelson",30,B,melissa25@example.org
465,"John Barnes",29,B,theresaayala@example.com
466,"Bianca Osborne",22,F,hector52@example.org
467,"Tiffany Kennedy",24,F,john68@example.com
468,"Robert Smith",24,A,theresa23@example.com
469,"Eric Garcia",20,F,brandon23@example.org
470,"Jacob Morris",19,C,moyerjennifer@example.com
471,"Matthew Hanna",28,E,juanrodriguez@example.org
472,"Pamela Knapp",27,C,qcurtis@example.org
473,"Patricia Castillo",20,E,angelamitchell@example.com
474,"Travis Rojas",25,C,uschaefer@example.com
475,"Kevin Moore",24,E,davidsonkristina@example.com
476,"Gina Huff",24,F,owhite@example.com
477,"Hannah Schroeder",22,D,christopher40@example.com
478,"Jay Donaldson",19,A,frojas@example.org
479,"Brian Montes",22,F,yatesamanda@example.com
480,"Yolanda Johnston",18,B,sotolisa@example.org
481,"Elizabeth Evans",19,C,campbellchristopher@example.com
482,"Cynthia Jimenez",25,F,williamstina@example.net
483,"Diane Davila",26,C,richmondbryan@example.org
484,"Leslie Lewis",18,E,jenniferwilkinson@example.org
485,"Keith Morton",30,E,jeffreypatterson@example.com
486,"Nicholas Jones",25,D,longsarah@example.org
487,"Penny Becker",23,F,victoriaphillips@example.org
488,"Roger Blair",22,D,gomezdominic@example.net
489,"Tiffany Mercer",27,D,malik54@example.org
490,"Ryan Lucas",29,B,goodwinwendy@example.net
491,"Katherine Frey MD",28,E,andrewjohnson@example.net
492,"Nicholas Flores",26,D,prattmario@example.org
493,"Madison Gonzalez",22,E,michaelgarcia@example.net
494,"Mark Washington",24,A,hudsonkevin@example.net
495,"Laura Leon",19,E,alejandro73@example.com
496,"Richard Sanders",27,A,danieldavis@example.net
497,"Katherine Todd",18,F,peterwalker@example.com
498,"Raymond Johnson",26,A,franciscocampbell@example.org
499,"Rachel Frost",20,D,ssutton@example.com
500,"Felicia Hale DVM",30,B,andrew86@example.com
501,"Daniel Price",25,D,james23@example.com
502,"Eric Smith",19,A,butlerlindsey@example.net
503,"Richard Chavez",25,D,wbaker@example.com
504,"Joshua Marks",26,C,annewilson@example.com
505,"James Bright",23,C,hudsonkaren@example.com
506,"Tony Burke",28,F,kristen43@example.com
507,"Rebecca Murphy",25,D,jeremycompton@example.net
508,"Thomas Saunders",24,A,allenhaley@example.org
509,"Mark Thompson",30,A,aobrien@example.org
510,"John Brooks",23,B,villarrealshannon@example.org
511,"David Evans",26,D,dustin34@example.org
512,"Russell Ray",24,C,james93@example.net
513,"Jennifer Jones",19,C,lewischristopher@example.net
514,"Brandon Taylor",28,C,nmolina@example.net
515,"Katherine Chan",29,A,keith85@example.org
516,"Kyle Sutton",21,E,anthonyanderson@example.net
517,"Ashley Gilbert",25,D,pamelapowers@example.net
518,"James Collins",18,C,carrollkristin@example.net
519,"Jonathan Brooks",22,D,velazquezcristina@example.com
520,"Daniel Kennedy",24,C,patrick97@example.com
521,"William Ryan",30,A,djohnson@example.org
522,"Mark Bates",19,F,emathis@example.org
523,"Sheri Franklin",22,A,bryan88@example.net
524,"Ashley Williams",30,D,jacksonemily@example.net
525,"Courtney Dixon",21,D,oneillcarol@example.com
526,"Susan Smith DDS",26,E,johnpratt@example.org
527,"Vanessa Terry",23,D,andrew08@example.org
528,"Roy Stone",30,B,janettaylor@example.org
529,"Brianna Rose",28,F,hacosta@example.net
530,"Jordan Jones",26,B,matthew23@example.org
531,"Gregory Villegas",29,D,melinda91@example.com
532,"Elizabeth Clark",21,D,stacy78@example.net
533,"Samantha Preston",27,C,raymond28@example.com
534,"Timothy Hartman",19,B,michaellopez@example.com
535,"Lauren Byrd",30,B,courtney45@example.org
536,"Laura Daniel",21,D,bakersteven@example.net
537,"Cindy Sutton",27,D,jroberts@example.net
538,"Adam Greene",29,A,rebeccaadams@example.net
539,"Kelly Simmons",29,E,lrichards@example.org
540,"Karen Turner",18,D,noblejanet@example.com
541,"Angela Young",18,A,carrie84@example.org
542,"Scott Johnson",21,C,castillomichele@example.com
543,"Matthew Johnson",22,A,michael14@example.com
544,"Michael Flowers",18,A,ljordan@example.org
545,"Kathy Bentley DVM",25,F,sarahhaas@example.net
546,"Angela Poole",18,D,thomaswong@example.net
547,"Mark Payne",24,B,michaelbryant@example.org
548,"Sheryl York",24,C,robert51@example.com
549,"Amanda Frazier",26,A,khicks@example.com
550,"Sarah Sampson",23,A,brownjoseph@example.org
551,"Leslie Booth",20,D,christina76@example.org
552,"Victor Kaufman",21,A,stacy53@example.org
553,"Teresa Melendez",23,C,henryford@example.net
554,"William Knapp",18,E,annreyes@example.org
555,"Margaret Watts",24,E,ewilliams@example.com
556,"Todd Johnson",19,A,nicholas31@example.net
557,"Mr. Jacob Walker",26,F,jordanbutler@example.com
558,"Mary Hill",30,C,johnsonclaudia@example.com
559,"Karen Gonzales",23,D,ashley82@example.org
560,"Christopher Nguyen",18,F,vanessaguerra@example.org
561,"Jordan Farmer",25,C,rhonda43@example.net
562,"Nichole Reed",18,C,lindsaybass@example.com
563,"Carrie Anderson",19,A,jenniferbrown@example.com
564,"Joshua Jennings",30,A,stephensonmark@example.com
565,"Sophia Contreras",20,A,vglenn@example.com
566,"Paul Herman",26,E,fhumphrey@example.org
567,"Joshua Turner",25,F,kevinwood@example.com
568,"Misty Pace",30,E,oguzman@example.com
569,"Steven Stokes",27,A,andrew13@example.com
570,"Kristi Gonzalez",22,A,luismeza@example.net
571,"Mitchell Payne",20,D,patrickspencer@example.net
572,"Amber Moore",20,B,fkramer@example.net
573,"John Andrade",20,F,allen92@example.net
574,"Tina Porter",22,B,maxwell04@example.net
575,"Kathryn Hernandez",25,A,watkinsthomas@example.org
576,"Laura Thompson",25,B,amy40@example.net
577,"Alexandra Walsh",28,A,amandamullins@example.org
578,"Randy Valdez",18,E,beasleyfrank@example.org
579,"Melanie Vargas",22,D,alicia07@example.net
580,"Amy Miller",22,E,stevenmurphy@example.org
581,"Alexander Marsh",29,E,natashachambers@example.org
582,"Charles Hardin",25,B,james18@example.net
583,"Lisa Hernandez",18,F,collinsjulia@example.org
584,"Michael Dixon",20,F,terryleah@example.net
585,"Colleen Howard",28,C,peter83@example.net
586,"Randy Johnson",27,B,kevin04@example.org
587,"Melissa Gomez",29,F,patrick61@example.net
588,"Kevin Reynolds",29,B,melissa74@example.net
589,"Sheri Mason",25,D,debbiechang@example.com
590,"Hannah Vargas",29,B,davidmartin@example.net
591,"Shannon Lee",24,A,wgonzales@example.com
592,"Susan Silva",26,E,maloneanna@example.com
593,"Rachel Graham",24,C,catherine57@example.org
594,"Jennifer Roberts",29,E,christopherparrish@example.org
595,"Jodi Clarke",26,D,emilyjones@example.net
596,"Evelyn Ochoa",29,E,aodom@example.com
597,"Victoria Marshall",25,B,samantha99@example.net
598,"Sonya Johnston",18,F,stephanie49@example.org
599,"John Rich",24,C,brittanybell@example.net
600,"Amanda Johnson",29,D,msandoval@example.com
601,"Dale Riley",23,D,mcfarlandcharles@example.com
602,"Destiny Nixon",30,D,zunigathomas@example.net
603,"Steven Lane",28,C,ubrowning@example.com
604,"Jose Cooper",19,C,bjohnson@example.net
605,"Michael Robinson",21,C,robin76@example.com
606,"Benjamin Stewart",29,E,lhall@example.net
607,"Christopher Chaney",24,E,aarongreen@example.net
608,"Patrick Roberts",22,A,murillodominique@example.net
609,"Sherry Campbell",20,E,rickeytrujillo@example.net
610,"Jared Jackson",18,A,barbarathomas@example.net
611,"Leslie Watson",29,E,veronica55@example.com
612,"Chad Singh",21,D,steven44@example.org
613,"Jasmine Hoffman",26,C,watersjoshua@example.org
614,"Juan Pugh",30,C,samuelwright@example.com
615,"Michael Ayala",18,B,morr@example.com
616,"Laura Salazar",23,A,gabrielsmith@example.net
617,"Jacob Salas",26,A,gbaxter@example.net
618,"Roy Dickson",20,C,moodyjeffrey@example.org
619,"Tonya Haney",26,F,ronald23@example.org
620,"Matthew Carter",27,C,christybaker@example.net
621,"Jeffery Black",29,C,pettyamy@example.com
622,"Sarah Douglas",28,C,coryperkins@example.net
623,"Ronnie Henderson",19,E,amymoore@example.org
624,"Charles Clark",21,F,vbarrera@example.org
625,"Andrew Park",22,A,gloriahall@example.com
626,"William Carter",26,F,gchan@example.com
627,"Robert Fox",28,D,khorne@example.org
628,"Julia Gonzalez",22,D,joejones@example.net
629,"Stephanie Mckenzie",24,E,leoneric@example.org
630,"Amanda Hernandez",29,C,jennifer49@example.net
631,"Carla Smith",22,E,tallen@example.com
632,"Russell Williams",29,E,ariasbryan@example.net
633,"Erin Reyes",27,A,christopher92@example.org
634,"Patricia Shaw",28,B,marywashington@example.com
635,"Mr. Hunter Wright",19,A,hannah37@example.net
636,"Zachary Goodwin",20,B,yhammond@example.com
637,"Kevin Moon",18,E,wsellers@example.com
638,"Francisco Garrett",18,F,hansonjimmy@example.com
639,"Margaret Gibson",19,B,vwilson@example.net
640,"Katherine Hutchinson",21,A,thomascynthia@example.org
641,"John Armstrong",22,E,rkoch@example.org
642,"James Norris DDS",18,D,denise95@example.org
643,"Chelsea Rojas",23,F,gmartin@example.net
644,"Mr. Alejandro Acosta MD",26,A,amber58@example.com
645,"Amy Robinson",29,E,colonmaria@example.com
646,"Patrick Jones",30,C,josephsteele@example.net
647,"Matthew Coleman",19,B,williamsanchez@example.org
648,"Nathan Morgan",24,B,timothymacias@example.net
649,"Samantha Kelly",23,E,jade41@example.org
650,"Sarah Morse",23,B,scott20@example.net
651,"Rhonda Carter",20,C,deborahsantos@example.net
652,"Julie Jackson",18,B,melissascott@example.org
653,"Frank Moss",18,B,davisbonnie@example.com
654,"Joshua Davenport",30,F,jeffrey84@example.org
655,"Joseph Lang",30,E,greerjuan@example.org
656,"Scott Howard",21,D,youngemily@example.com
657,"Jeffrey Morales",18,C,james26@example.net
658,"Rebecca Schultz",29,E,donaldsonpeter@example.org
659,"Troy Craig",30,A,johnsonricardo@example.net
660,"Steven Weiss",26,D,robertholland@example.com
661,"Laurie Wilson",18,F,rushmary@example.net
662,"Jason Robinson",22,B,fbradley@example.net
663,"Nicole Wagner",29,B,richardmartinez@example.org
664,"Gloria Olsen",21,A,ugraham@example.com
665,"Aaron Murray Jr.",19,F,powersmatthew@example.net
666,"Melissa Johnson",22,C,thomas73@example.net
667,"Aaron Anderson",21,D,mmaynard@example.org
668,"Kyle Kelly",27,B,craig53@example.com
669,"Cole Peters",22,B,joshuawilliamson@example.com
670,"Michael Nolan",25,C,marycole@example.com
671,"Marie Anderson",24,F,psims@example.net
672,"Russell Morrison",21,E,alyssa08@example.com
673,"Stephanie Duran DDS",22,D,davisscott@example.com
674,"Lauren Tran",25,D,aroberts@example.net
675,"Alexander Brown",18,E,dherrera@example.net
676,"Kristina Parsons",26,A,emilypadilla@example.com
677,"John Campos",23,C,rodriguezstephanie@example.net
678,"Stephanie Hanson",18,A,gburch@example.org
679,"Amy Brewer",20,C,jodiwilliams@example.com
680,"Heather Johnson",18,C,fbaxter@example.org
681,"Paige Sims",23,C,patricia98@example.com
682,"Glenn Fischer",23,F,davidrivera@example.com
683,"Timothy Cross",20,C,destiny99@example.com
684,"Jeffery Miller",27,E,katherinebrown@example.net
685,"Scott Fischer",20,F,imorrow@example.com
686,"Nicole Jones",25,B,hawkinsrichard@example.net
687,"Brandi Wright",26,F,steven35@example.net
688,"Dylan Edwards",23,A,kball@example.net
689,"Jamie White",24,A,kingdavid@example.com
690,"Harry Thompson",19,C,jacob14@example.com
691,"Tabitha Wilson",20,B,kpatrick@example.net
692,"William Johnson",22,D,fbrown@example.net
693,"Jocelyn Ray",22,F,lpalmer@example.com
694,"Kathryn Willis",29,D,popeamanda@example.net
695,"Timothy Scott DDS",24,C,ogarrison@example.com
696,"Amber Bass",22,B,phunter@example.com
697,"Bobby Herman",20,F,cynthiaryan@example.org
698,"Kyle Morales MD",27,D,gwilliams@example.org
699,"Elizabeth Robinson",22,E,jacquelinedudley@example.com
700,"Christian Flowers",23,C,christinahill@example.com
701,"Ethan Mcguire",20,A,eric98@example.org
702,"Louis Gibson",21,C,rachel57@example.org
703,"Andrea Anderson",18,D,david29@example.org
704,"Michael Lambert",25,E,geraldcalderon@example.net
705,"Taylor Mathews",28,E,andrea77@example.com
706,"Christopher Newton",18,B,mmcintyre@example.net
707,"Carlos Molina",26,B,oaustin@example.org
708,"Charlene Ellis",22,A,richardmatthew@example.com
709,"Thomas Clark",22,E,atkinsjoseph@example.org
710,"Sarah Stevens",21,B,brandonreynolds@example.net
711,"Brian Taylor",24,C,mahoneymario@example.com
712,"Kimberly Jones",19,F,john42@example.net
713,"Sabrina Sanchez",24,C,bryaneverett@example.net
714,"Rhonda Stewart",26,F,richmondrobert@example.net
715,"Timothy Taylor",29,C,shawn44@example.net
716,"Mia West",26,E,sharris@example.com
717,"Cheryl Jones",26,A,janice92@example.org
718,"John Horton",23,B,daniel71@example.com
719,"Jaclyn Harris",19,F,peter84@example.net
720,"Holly Garza",23,F,andrewibarra@example.org
721,"David Davis",18,E,scott22@example.org
722,"Kristen Parker",20,B,dsolomon@example.com
723,"Megan Wallace",29,D,abigailbanks@example.com
724,"Brian Campbell",29,B,sarah44@example.com
725,"Katie Burton",26,D,vmcintyre@example.net
726,"Shelly Wilson",26,F,iwheeler@example.org
727,"Tanner White",27,B,boylenina@example.com
728,"Heather Hayes",26,E,oneilltonya@example.org
729,"David Bell",24,D,vthompson@example.net
730,"Amanda Martinez",26,A,jennifermunoz@example.net
731,"Philip Green",24,A,srivera@example.com
732,"Christopher Gonzales",19,A,biancawilkins@example.org
733,"Nicole Shaffer",26,F,carlosrodriguez@example.org
734,"Xavier Mccall",29,E,groberson@example.net
735,"Natalie Young",19,B,umoore@example.com
736,"Wayne Pitts",24,D,josephmatthews@example.net
737,"Christian Acosta",23,B,leedeborah@example.org
738,"Heather Marshall",29,D,mooreclarence@example.net
739,"Ruth Lee",26,B,matthew72@example.com
740,"Beth Butler",24,D,xharmon@example.org
741,"Bruce Gaines",18,A,tcarroll@example.org
742,"Anna Adams",18,C,devonacevedo@example.com
743,"Joseph Yoder",19,D,trivera@example.net
744,"Andrew Davis",19,A,garystewart@example.net
745,"Robert Davis",22,B,renee39@example.net
746,"Luke Li",30,C,deborah99@example.com
747,"Jamie Gonzales",19,F,thomas37@example.org
748,"Heather Williams",26,D,gjackson@example.net
749,"Amanda Patterson",28,D,davistyler@example.org
750,"William Chambers",27,D,martinmoody@example.net
751,"Shannon Maxwell",23,E,dlopez@example.net
752,"Catherine Lopez",18,E,christygonzalez@example.net
753,"Mathew Sanders",28,A,davisbrandon@example.net
754,"Robert Snyder",28,F,loganmary@example.org
755,"Danny Scott",24,E,teresa34@example.net
756,"Kaylee Gordon",18,A,andreabass@example.net
757,"Deborah Wiley",30,F,psolis@example.org
758,"Christine Kennedy",25,B,ellenrivera@example.com
759,"Ian Hamilton",28,A,deborahbowman@example.com
760,"Sherry Holmes",27,B,jaredbarnett@example.com
761,"Tammy Decker",18,B,eddie24@example.org
762,"William Collins",26,A,smithmonique@example.org
763,"Amy Holmes",23,B,elizabethjones@example.net
764,"Christopher Silva",29,D,jreyes@example.org
765,"Roy Young",27,D,troyscott@example.com
766,"Brandon Ellis",30,F,danderson@example.com
767,"Nicholas West",30,A,paigecaldwell@example.com
768,"Samantha Reynolds",25,B,betty75@example.org
769,"James Martin",20,B,huangandrea@example.net
770,"Evan Johnson",25,B,qgaines@example.org
771,"Melissa Lee",29,A,johnmercer@example.org
772,"Ian Bailey",30,B,george39@example.org
773,"Patrick Brown",27,C,alexatyler@example.com
774,"Laura Holmes",21,C,whitneysteven@example.net
775,"Nancy Kelly",26,D,christopher09@example.com
776,"Mark Mack",24,F,cynthiacohen@example.org
777,"Elizabeth Proctor",20,B,downsjeffrey@example.com
778,"Emily Smith",30,B,wendy04@example.org
779,"William Jensen",25,B,michellezimmerman@example.org
780,"Zachary Johnston",30,A,zmatthews@example.com
781,"Nicholas Wade",24,B,rebecca55@example.net
782,"Michael Navarro",29,E,williamsalexis@example.com
783,"Sandra Rodriguez",30,B,colonkatrina@example.org
784,"Abigail Freeman",19,B,xsanders@example.net
785,"Eric Jordan",21,B,ricejessica@example.org
786,"Nathan Delacruz",20,B,zbutler@example.net
787,"Travis Ramirez",30,A,rangelpaula@example.org
788,"Sergio Morgan",28,F,ryan69@example.com
789,"Rachel Peterson",26,C,lopeztimothy@example.net
790,"Connie Rogers",24,E,scott85@example.com
791,"Eugene Bailey",30,F,zevans@example.org
792,"Veronica Fitzgerald",30,A,gregory70@example.org
793,"Amanda Baird",18,D,stephanie62@example.com
794,"Stephanie Cohen",23,D,scott33@example.com
795,"Sarah Ward",27,A,knightmary@example.com
796,"Ricardo Malone",22,E,darrenwallace@example.com
797,"Robin Mccann",18,B,cheneileen@example.com
798,"Candice Garcia",20,B,ntorres@example.org
799,"Alexander Riley",19,E,ngordon@example.org
800,"Maria Jones",23,E,gporter@example.com
801,"Kathryn Stanley",28,D,nhodge@example.net
802,"Robert Green",26,F,girwin@example.net
803,"Alicia Anderson",27,B,martinjames@example.org
804,"Marcus Walters",28,B,johnsonjoanna@example.com
805,"Angela Johnson DDS",24,F,franklinjohn@example.com
806,"Robert Richardson",18,F,breanna60@example.com
807,"Dustin Oliver",22,B,morenosandra@example.org
808,"Melissa Baird",24,E,yhiggins@example.net
809,"Alexis Stewart",23,B,debbie86@example.org
810,"Laura Fox",19,F,melvin02@example.org
811,"Devin Lawrence",30,B,jhernandez@example.org
812,"Dorothy Oneal",30,B,dwolfe@example.org
813,"Scott Ballard",29,E,icunningham@example.net
814,"Lisa Patterson",18,E,ramirezstephen@example.org
815,"Amber Kane",25,E,cooperpatrick@example.org
816,"Erica Baker",26,A,roger17@example.org
817,"Leslie Butler",23,F,cardenasjoseph@example.net
818,"Laurie Jones",29,E,khudson@example.net
819,"William Hancock",25,A,bscott@example.org
820,"Michelle Payne",23,F,matthewkaiser@example.net
821,"Cindy Lambert",23,D,gloria23@example.org
822,"Dr. Jennifer Alvarado MD",26,E,grantmichael@example.org
823,"Mr. Joseph Carter III",21,A,elynch@example.net
824,"Jamie Nguyen",22,B,aliciathomas@example.org
825,"Caroline West",22,D,websteramy@example.net
826,"Stephanie Rivera",29,D,ericsmith@example.org
827,"Scott Armstrong",20,B,brent86@example.com
828,"Lauren Perez",25,B,rebeccadavis@example.net
829,"Lawrence Solomon",28,E,poperodney@example.com
830,"Daniel Henderson",27,C,kevintate@example.com
831,"Erik Smith Jr.",26,A,chelseaballard@example.com
832,"Austin Carney",22,C,vlowe@example.com
833,"Walter Stevens",26,B,mark17@example.org
834,"Mary Matthews",24,C,qyoder@example.net
835,"Crystal Dodson",18,E,grahamkrista@example.org
836,"Albert Gutierrez",18,F,brianhoward@example.org
837,"Michael Lowery",18,B,clarkbenjamin@example.com
838,"Charles Walker",18,D,brenda67@example.com
839,"Emily Jackson",21,F,mikemills@example.org
840,"Jonathan Lee",29,F,christianwillis@example.org
841,"Daniel Chambers",25,B,beckpaul@example.org
842,"Cassandra Miller",22,F,brianna58@example.org
843,"Timothy Robinson",26,D,wnichols@example.org
844,"Joseph Stone",24,C,lgonzalez@example.net
845,"Crystal Taylor",25,B,ohicks@example.net
846,"Cameron Vazquez",27,D,melissa42@example.net
847,"Nicolas Shields",25,A,oconnelljason@example.org
848,"Lori Hill",23,C,adam84@example.net
849,"Ann Garner",28,C,amygregory@example.net
850,"Amy Church",19,E,korr@example.org
851,"Kylie Schwartz",19,A,bennettkyle@example.org
852,"David Gilbert",19,F,nperez@example.org
853,"Julia Johnson",25,B,brendan95@example.com
854,"Jeffrey Ross",21,B,samuel81@example.com
855,"Mark King",22,C,chloe07@example.org
856,"Jose Christian",24,C,andersenroger@example.com
857,"Barbara Smith",26,C,davidwright@example.net
858,"Kayla Sullivan",25,C,spearsdaniel@example.com
859,"Jennifer Jackson",30,D,jon04@example.com
860,"Andre Brown",25,E,geraldwallace@example.net
861,"Jessica Moon",19,B,rollinstimothy@example.com
862,"Andrew Dyer",27,C,sarah83@example.org
863,"Robin Price",22,B,bullockgregory@example.com
864,"Elizabeth White",30,B,vhines@example.com
865,"Charles Taylor",18,C,sara46@example.org
866,"Jason Miller",18,F,robert88@example.net
867,"Brian Griffith",23,E,ronaldpope@example.org
868,"Brian Holt",27,A,charleschambers@example.net
869,"Margaret Bennett",22,E,connorarnold@example.net
870,"Adam Patterson",24,A,davidthompson@example.net
871,"Alan Torres",27,A,phillipsmichael@example.org
872,"Cynthia Mills",23,F,taylorcaleb@example.net
873,"Denise Wheeler",18,E,dawnwinters@example.com
874,"Leslie Mckenzie",19,D,leslie26@example.org
875,"Timothy Goodman",27,A,jeremycline@example.net
876,"John Bailey",25,D,hernandezamanda@example.org
877,"Cynthia Vega",21,B,ahowe@example.org
878,"Lori Anderson",29,A,patricia65@example.com
879,"Shannon Newton",26,A,jamesmichelle@example.net
880,"Ann Baker",30,D,vicki91@example.com
881,"Sarah Hebert",30,B,cadams@example.org
882,"Aaron Patterson",25,C,odaniels@example.net
883,"Michelle Powell",27,C,charlesphillips@example.org
884,"Julie Vasquez",25,B,todd40@example.net
885,"Joshua Edwards",22,D,dustincastillo@example.com
886,"Derrick Nicholson",28,E,csimon@example.org
887,"Kim Hess",30,E,hughesashley@example.net
888,"Glen Edwards",25,F,schultzjessica@example.org
889,"Joshua Boone III",24,A,wpierce@example.com
890,"Michelle Harris",22,D,nathantucker@example.com
891,"Eric Mitchell III",27,B,thomasfrank@example.com
892,"Michael Townsend",25,C,uclark@example.org
893,"Crystal Acevedo",19,E,thomasdavid@example.com
894,"Courtney Sullivan",21,C,liustephanie@example.net
895,"Kimberly Chen",30,A,jay26@example.com
896,"Paul Andrews",28,E,fergusonjose@example.net
897,"Sydney Johnson",24,B,ljackson@example.org
898,"Debbie Grimes",28,B,thomasjames@example.com
899,"Cheryl Ali",18,B,goodaaron@example.net
900,"Luis Rojas",29,B,williskaitlyn@example.com
901,"Aaron Eaton",21,C,millerphilip@example.com
902,"Ashley Kane",22,B,jgarza@example.net
903,"Holly Clayton",18,D,warrenjeffrey@example.org
904,"Edward Sosa",22,D,evansjames@example.com
905,"Nicole Wells",24,E,corey36@example.com
906,"Amanda Patterson",22,E,beverly68@example.net
907,"Richard Carroll",22,A,jessica43@example.org
908,"Carlos Morgan",26,B,uhoward@example.net
909,"Nicole Sanders",18,C,egeorge@example.org
910,"Samantha Smith",21,E,yquinn@example.com
911,"Michael Cooke",24,C,joannariley@example.com
912,"Marissa Mccormick",20,C,woodsamy@example.org
913,"Joseph Garcia",26,A,lpugh@example.net
914,"Ryan Lopez",28,C,diazmisty@example.com
915,"Alexandria Ortiz",21,E,jacksonjacob@example.com
916,"Corey Peck",23,E,scarpenter@example.net
917,"Thomas Kelley",21,E,kennethcraig@example.net
918,"Kristin Stevens",20,F,hectormcpherson@example.net
919,"Kelly Bishop",28,B,khardin@example.com
920,"Melinda Young",21,D,daniellesmith@example.org
921,"Marc Khan",20,B,irobinson@example.com
922,"Jason Davis",18,A,jacqueline49@example.net
923,"Sandra Hawkins",28,E,jacob31@example.com
924,"John Johnson",28,C,dawsongrace@example.org
925,"Karen Harris",21,B,rrodgers@example.net
926,"Paul Ewing",19,D,qharris@example.org
927,"Donald Stevenson",24,F,dparks@example.net
928,"Rachel Marsh",24,E,wharrison@example.org
929,"Robert Patton",24,E,michael57@example.com
930,"Jacob Stephens",29,C,ymcdonald@example.net
931,"Steven Gonzalez",21,D,robertsanchez@example.org
932,"Jamie Gibbs",22,C,crystal41@example.net
933,"Wendy Bush",23,B,barbaramccarthy@example.com
934,"Juan Hodges",29,C,tiffanylewis@example.org
935,"Donna Burgess",21,C,michaelrodriguez@example.net
936,"Dawn Park",19,A,christineburgess@example.org
937,"Tracy Lynch",20,B,linda96@example.com
938,"Gerald Garcia",27,B,pford@example.org
939,"Andrew Kemp",26,D,johnsonsheryl@example.org
940,"Lori Moreno DDS",28,F,sosakeith@example.com
941,"Gregory Hodges",24,E,shane88@example.org
942,"Daniel Meyer",22,D,henry13@example.com
943,"Christopher Dennis",26,A,bellamanda@example.com
944,"Amanda Clark",22,F,scott52@example.com
945,"Paul King",30,E,kathleenwhitaker@example.com
946,"Jacqueline Clark",24,C,zalvarado@example.net
947,"Todd Simon",21,B,jennifer44@example.net
948,"Sharon Taylor",30,D,jesse76@example.com
949,"Michelle Mcdaniel",30,B,lindseyunderwood@example.com
950,"Jennifer Watson",29,C,christopher99@example.net
951,"Peter Caldwell",21,D,fordkimberly@example.org
952,"Dr. Reginald Tate",22,B,morganshannon@example.org
953,"Jennifer Williams",22,B,bakeralexander@example.org
954,"Kristen Valentine",25,E,cruzkyle@example.org
955,"Justin Cummings",25,C,nfields@example.org
956,"Edward Walker",18,B,jeremywatts@example.org
957,"April Williams",26,A,kaufmanlisa@example.org
958,"Anthony Flores",30,E,randolphalexa@example.net
959,"Natalie Mcclain",23,F,craig60@example.net
960,"Selena Fitzgerald",25,E,franklinamanda@example.net
961,"Travis Richardson",29,D,alexanderronald@example.com
962,"Jeffrey Hughes",21,D,amanda61@example.org
963,"Donald Carter",25,D,adamcabrera@example.net
964,"David White",29,A,hstephens@example.org
965,"James Clark",21,B,bstone@example.net
966,"James Pacheco",26,A,tonifischer@example.com
967,"Nathaniel Wood",22,D,matthewphillips@example.com
968,"Jennifer Foster",18,A,paula78@example.com
969,"Jamie Barnes",25,E,figueroadorothy@example.net
970,"Mr. Thomas Barnes DDS",23,F,zblake@example.net
971,"Lori Alexander",22,B,cherylsmith@example.org
972,"Jasmine Mitchell",28,E,shawn62@example.net
973,"Jason Stephens",25,C,jefferyblackwell@example.org
974,"Melissa Perry",21,F,dawnanderson@example.com
975,"Elizabeth Harris",27,F,benjaminflynn@example.org
976,"Jill Coleman",24,A,samuel30@example.com
977,"Colin Martinez",19,C,alexis10@example.org
978,"Ashley Harris",19,A,amber76@example.net
979,"Jessica Coleman",18,E,johnsonkristin@example.org
980,"Katherine Mack",19,F,brendawalter@example.net
981,"Megan Gardner",19,D,snyderrobert@example.org
982,"Caitlin Larson",27,C,timothygibbs@example.org
983,"Cheryl Le",24,C,ayalarebecca@example.net
984,"Philip Cochran",29,A,timmoore@example.net
985,"Ashley Villa",26,F,ronaldramirez@example.com
986,"Scott Thompson",18,C,smithchristine@example.net
987,"Caleb Mosley",24,E,davidjuarez@example.com
988,"William Lewis",20,A,ashleykeller@example.com
989,"Cathy Bailey",24,F,uhall@example.org
990,"Jeffrey Nolan",27,B,christopherhodge@example.org
991,"Dr. William Miller MD",20,E,jonesdouglas@example.net
992,"Daniel Eaton",18,A,robertlewis@example.org
993,"Jaclyn Jackson",27,F,steven81@example.com
994,"Rebecca Johnson",27,B,brittanywashington@example.com
995,"Kevin Hamilton",25,E,tiffany04@example.net
996,"Bailey Nunez",20,A,kathleensmith@example.com
997,"Elizabeth Horton",21,A,paulortiz@example.org
998,"William Meyer",25,C,jessica98@example.net
999,"Sharon Mcdaniel",21,C,richardstiffany@example.org
1000,"Diana Gonzalez",22,C,fspencer@example.com
