id,name,age,grade,email
1,Chelsea Hernandez,18,E,collinspeter@example.com
2,Eddie Lee,30,B,cowens@example.org
3,Barry Hester,22,A,ywagner@example.com
4,Barbara House,19,C,kevinmoore@example.org
5,Allison Long,27,B,wrightjacqueline@example.org
6,Rose Hall,18,E,arroyotommy@example.org
7,Nicole Morales,29,C,millerbrittany@example.org
8,David Nguyen,23,A,sandracampbell@example.net
9,William Ortiz,23,F,qhayden@example.net
10,Karl Andrews,28,C,nicholas46@example.com
11,Mr. Bill Miles,25,A,vwilliams@example.com
12,Jack Warren,23,E,dflores@example.net
13,Cameron Fox,26,A,edwardgarcia@example.net
14,Suzanne Jefferson,29,C,gfranklin@example.net
15,Patricia Carter,30,E,matthewhunter@example.net
16,Peter Francis,20,D,charris@example.com
17,Heather Higgins,19,A,nicole32@example.net
18,Monica Parker,30,A,irice@example.com
19,Marisa Johnston,27,B,jessicastark@example.com
20,Joseph Washington,19,B,urandall@example.org
21,Christina Moore,27,D,xhamilton@example.com
22,Ronald Sutton,24,C,shannonfowler@example.net
23,Patrick Valdez,19,A,jessegarcia@example.net
24,Michael Williams,28,B,cynthiaturner@example.com
25,Rodney Armstrong,22,C,elizabeth59@example.net
26,Peggy Cook,19,D,karendennis@example.org
27,James Collins,20,E,simonmiguel@example.com
28,Kent Ramsey,21,F,lmorris@example.org
29,Samuel Wood,19,F,ashleyali@example.org
30,Devin Carlson,20,C,josephthornton@example.net
31,Mr. James Snyder,28,E,jeffsloan@example.com
32,Kim Davis,25,C,colejeremiah@example.com
33,David Gregory,30,B,amy90@example.com
34,Tara Williams,19,B,kendrahess@example.com
35,Brenda Davies,24,D,juliepeterson@example.com
36,Mark Stafford,25,B,carterdavid@example.org
37,Diane Goodman,22,D,julie24@example.org
38,Jonathan Ryan,27,D,emily87@example.net
39,Megan Bowers,24,F,bryantheather@example.net
40,Marvin Ali,23,D,coopermichelle@example.net
41,David Jones,30,E,karenibarra@example.org
42,Cory Bradshaw,23,F,buckleycarol@example.net
43,Karen White,20,D,campbelljuan@example.org
44,Dale Gregory,19,D,ysims@example.net
45,Sandra Kelly,24,E,katieandrews@example.net
46,Catherine Hill DDS,21,F,alan07@example.org
47,Daniel Powell,20,F,ghughes@example.net
48,Karen Ellis,22,C,debrapeck@example.org
49,Leslie Brennan,27,C,kristinawilliams@example.com
50,Isaac Wilcox,28,F,spenceraaron@example.net
51,Allen Tucker,20,F,wmorris@example.net
52,Marvin Wiggins,27,B,clarkjohn@example.net
53,Andre Webb,18,A,hollykelly@example.org
54,Justin Vaughn,28,B,heathertaylor@example.com
55,Roger Johnson,25,E,heatherwilliams@example.org
56,Raymond Mckenzie,22,E,christinemiller@example.com
57,Christine Nixon,28,C,joe01@example.net
58,Sarah King,26,B,nmcguire@example.com
59,Denise King,25,B,bakerjacqueline@example.org
60,Kevin Norris,21,B,jenniferadkins@example.org
61,Elizabeth Hurley,22,B,ashleyhoward@example.com
62,Benjamin Palmer,23,F,shepardkenneth@example.org
63,Matthew Duran,26,A,rwilliams@example.org
64,Peter Sparks,29,A,laura20@example.com
65,Shawn Davenport,18,B,robertsmith@example.com
66,Randy Little,30,C,rebeccafox@example.org
67,Elizabeth Murray,19,D,lukelopez@example.org
68,John Chambers,20,A,jeffrey57@example.com
69,Jacob Becker,20,C,barbara55@example.com
70,Tara Garcia,30,E,arnoldcandice@example.net
71,Troy Fritz,23,B,dpetersen@example.com
72,Jennifer Norris,24,A,chrismercer@example.net
73,Mary Green,30,F,ehicks@example.net
74,Ashley Waters,27,E,fhernandez@example.net
75,Patrick Rogers,19,A,josefisher@example.net
76,James Davis,25,D,agreene@example.org
77,Selena Moreno,27,F,penamichael@example.com
78,George Lopez,27,D,karenbrown@example.com
79,Lisa Erickson,20,D,kkim@example.com
80,Crystal Thomas,19,F,chapmantracey@example.org
81,Mary Hernandez,26,B,holttammy@example.com
82,Neil Martin,28,A,brianjones@example.net
83,Michael Anderson,21,E,ymiller@example.com
84,Angela Rose,26,F,lsmith@example.org
85,Nicole Thomas,21,B,ricemary@example.com
86,Jesse Reynolds,23,D,jasonwilliamson@example.com
87,Kathy Ortega,21,C,irubio@example.org
88,James Ferguson,27,E,elizabeth70@example.org
89,Amy Morales,20,E,collinstyler@example.com
90,Dana Powers,25,F,vanderson@example.com
91,Elizabeth Cline,26,F,shermanjackson@example.com
92,Matthew Moran,28,E,atkinschristopher@example.com
93,Mary Wood,27,D,coopercarlos@example.net
94,Robert Davis,19,A,nancy07@example.com
95,Kelly Wells,28,B,alexis54@example.net
96,Alyssa Walker,25,C,carl43@example.org
97,Eric Munoz,19,B,hayestaylor@example.com
98,James Young,23,B,jenniferthompson@example.com
99,Travis Yu,20,B,ryan10@example.net
100,Paul Allen MD,28,D,andreafox@example.org
101,Andrea Morris,19,D,harrisolivia@example.net
102,Dylan Meadows,21,F,quinndavid@example.org
103,Jon Turner,27,D,donald28@example.org
104,Billy Lynn,18,E,jeffreychapman@example.com
105,Mia Robinson,25,E,davidlarson@example.org
106,David Jones,27,F,jtrevino@example.org
107,Kevin Snyder,19,E,jenniferdean@example.net
108,William Campbell,18,B,foleymarie@example.org
109,Lindsey Torres,18,A,brownjeremy@example.net
110,Alicia Martin,24,E,mstokes@example.com
111,Natalie Hernandez,21,E,williamswilliam@example.org
112,Amanda Alexander,18,C,erinjones@example.com
113,Sarah Wagner,19,A,brandonknox@example.net
114,James Scott,18,C,ngarcia@example.net
115,James Wade,23,A,fmercado@example.com
116,Bonnie Sanchez,29,D,steve34@example.net
117,Samuel Miller,24,F,lwhite@example.org
118,Aaron Miller,28,A,manderson@example.org
119,Marie Stevenson,29,B,jonathanthompson@example.org
120,Thomas Russell,29,A,kburnett@example.com
121,Rhonda Whitney,28,B,janiceclark@example.com
122,Jennifer David,20,C,james79@example.com
123,Andrew Wright,18,A,antonio78@example.org
124,Angela Russell,25,C,michael75@example.net
125,Robert Cox,23,E,andrewrodriguez@example.net
126,Heather Bates,22,B,alex73@example.net
127,Laurie Ortiz,29,F,sarahnicholson@example.com
128,Eugene Mann,22,E,ddavis@example.net
129,James Copeland,27,C,bwilson@example.net
130,Suzanne Webster,24,F,dennisfoster@example.org
131,Jennifer Morris,24,B,joshuamendoza@example.com
132,Steven Robinson,26,B,lauriesparks@example.org
133,Miranda Sims,25,D,ibaker@example.com
134,Anthony Kirby,23,C,courtneywalsh@example.net
135,Joshua Diaz,27,F,gallegoslori@example.net
136,Steven Perry,25,E,ecline@example.com
137,Susan Davis,24,D,mark20@example.com
138,Patricia Morris,23,A,kristine96@example.org
139,Todd Roberts,26,C,hfrench@example.net
140,Steven Campbell,20,E,anthony14@example.com
141,William Patton,24,A,theresalin@example.com
142,Morgan Leonard,28,A,michaelpennington@example.net
143,Tracie Richardson,27,C,xgraham@example.com
144,Jerome Ruiz,21,A,brianpowell@example.net
145,Karla Rodriguez,29,C,kevinjames@example.net
146,Kurt Fuller,20,B,kayla27@example.net
147,Anna Trevino,27,B,shelia61@example.net
148,Tanya Hall,20,F,michele74@example.com
149,Paul Donovan,21,B,hrodriguez@example.org
150,Martin Dixon,29,D,jasonhill@example.com
151,Sherry Watson,20,C,jessicamills@example.org
152,Andrew Taylor,19,C,anna90@example.org
153,Christina Smith,27,F,westhannah@example.com
154,Kristen Patterson,30,C,carolmartinez@example.org
155,Miss Stephanie Robinson DVM,21,C,ann22@example.com
156,Tammy Mcintyre,22,D,michaelrogers@example.com
157,Sheila Manning,29,A,valdezdan@example.com
158,Brian Johnson,21,D,icarter@example.com
159,Monique Hinton,18,F,sara99@example.org
160,Robert Carter,22,F,manuelbarker@example.net
161,Jennifer Bond,25,A,nathanhuffman@example.com
162,Ms. Terri Torres,22,B,marquezjacqueline@example.net
163,Gina Perez,24,C,rodney20@example.com
164,Nicole Hartman,25,B,turnerwilliam@example.com
165,David Johnson,25,D,richard29@example.net
166,Stephanie Clark,24,D,christine07@example.com
167,Jason Brown,23,C,russell48@example.org
168,Patricia Graham,18,A,robertsonrandy@example.org
169,Daniel Cervantes,25,C,arnolddavid@example.com
170,Jessica Pierce,30,A,ygeorge@example.net
171,Sean Murphy,18,A,wesleymartin@example.com
172,Nicole Garcia,18,E,kingcindy@example.com
173,Emily Thomas,26,D,huffmanedwin@example.com
174,Ronald Lewis,19,C,ronnie19@example.net
175,Amy Durham,20,E,pfrey@example.org
176,Scott Griffith,20,D,jeffrey21@example.org
177,Hunter Nelson,21,A,edward90@example.com
178,Sarah Walls,19,F,lewistheresa@example.org
179,Victoria Anderson,28,C,ashley50@example.com
180,Heidi Buchanan,19,E,ann42@example.org
181,Sherry Ballard,19,B,terrymegan@example.org
182,Marcus Gonzales,20,E,pphelps@example.com
183,Robert Mann,21,B,keithkoch@example.net
184,Lori Christensen,28,F,amandajohnson@example.org
185,Joshua May,28,C,taylorwilson@example.org
186,Crystal Ray,27,E,zperez@example.com
187,Mary Hall,18,E,ksanchez@example.net
188,Savannah Cantrell,30,E,vjones@example.com
189,Michael Turner,27,A,irios@example.com
190,Robert Andersen,23,D,gmartin@example.org
191,Brian Richardson,25,D,nlee@example.com
192,Michael Shepard,23,E,oliviarhodes@example.org
193,Jillian Farmer,29,B,wileyjill@example.org
194,Erin Gentry,18,E,kylereed@example.com
195,Daniel Cruz,21,D,vromero@example.net
196,Kyle Douglas,25,E,jonathan65@example.org
197,Julia Schmidt,19,A,jeffrey35@example.net
198,Jeffery Robbins,20,F,dylan98@example.com
199,Walter Romero,24,A,smithdennis@example.com
200,Marc Dunn,23,E,elizabethmorgan@example.com
201,Debra Graves,22,A,uhenson@example.net
202,Meredith Hall,23,C,connor23@example.net
203,Christian Vaughn,22,B,lisa40@example.net
204,Jennifer Hall,26,E,feliciagamble@example.net
205,Joanna Dixon,23,A,adrian45@example.net
206,Jeffrey Hoover,22,B,justin88@example.net
207,Maria Wright,24,B,ewhite@example.net
208,Lisa Kline,22,E,michael52@example.net
209,Joshua Terry,21,D,boothamy@example.org
210,Tonya Hunt,23,A,christopher69@example.net
211,Isaiah Torres MD,27,E,olivia66@example.org
212,Jenna Tate,24,C,lolson@example.com
213,Eric Walker,19,F,greerwilliam@example.org
214,Mark Morales,19,F,sara23@example.com
215,Christina Fox,20,E,melissatodd@example.net
216,Shelly Mccarthy,23,A,beverlygross@example.com
217,Lindsay Wells,28,C,brett56@example.org
218,Alicia Mcclain,30,B,robertmoody@example.com
219,Jessica Decker,25,B,thomaskimberly@example.org
220,Amy Lee,26,D,eedwards@example.com
221,Dan Hunt,20,C,xmathis@example.com
222,Alejandro Newton,27,C,lewisbrian@example.com
223,Jonathan Acevedo,23,C,adamsnancy@example.com
224,Jill Nelson,28,A,jgallagher@example.org
225,Reginald Conley,27,E,jeffreybradshaw@example.net
226,Justin Dennis,23,A,dcox@example.net
227,Sarah Torres,30,F,matthew77@example.org
228,Patricia Douglas,20,B,logankevin@example.org
229,Terri Smith,20,E,harrischad@example.org
230,Jennifer King,28,A,lisasmith@example.net
231,Michael Farrell,25,A,jonesalicia@example.com
232,Andrew Hogan,26,C,kinglisa@example.com
233,Tony Evans,19,C,qmccoy@example.com
234,Alicia Stevens,22,A,samuel29@example.com
235,Lorraine Campbell,21,E,tbrock@example.com
236,Wendy Fry,22,F,lukeglenn@example.org
237,Robert Jones,26,C,amanda93@example.net
238,Jennifer Nelson,30,F,crystal40@example.com
239,Emily Franklin,29,F,murrayamanda@example.net
240,Jessica Wolfe,23,C,shawjohn@example.com
241,Ashley Cooper,20,A,serranopaul@example.org
242,Michael Davis,22,F,houstonstacey@example.org
243,Alison Mcneil,26,E,leemargaret@example.net
244,Vanessa Daugherty,18,C,juanwilliams@example.net
245,Jessica Perez,27,E,sallyturner@example.net
246,Jennifer Ruiz,22,B,perryisabella@example.org
247,Antonio Scott,26,F,otaylor@example.com
248,Rebecca Choi,28,E,rachelgrant@example.com
249,Janet Perez,21,A,michael42@example.net
250,Joshua Johnson,23,F,rojastiffany@example.com
251,Emily Copeland,24,D,gravesstephen@example.com
252,Matthew Edwards,28,C,meyerjason@example.net
253,Timothy Carey,23,F,wigginsaustin@example.net
254,Kendra Bailey,30,B,robertdecker@example.com
255,Daniel Martinez,26,E,vpowell@example.com
256,Megan Robinson,26,F,amymoore@example.com
257,Robert Church,23,B,kmathews@example.net
258,Thomas Arnold,19,C,ericriley@example.net
259,Shari Smith,26,C,jhale@example.com
260,Brenda Choi,30,B,warnerjustin@example.net
261,Diana Richardson PhD,18,D,kvelasquez@example.com
262,Keith Patterson,20,B,johnsonstacy@example.com
263,Joseph Cunningham,23,B,kingthomas@example.net
264,Michael Jones,22,B,perryjones@example.org
265,Jessica Hill,23,D,kendragolden@example.com
266,Lynn Wallace,25,E,shepherdrobert@example.org
267,Olivia Thompson,27,C,dhenderson@example.com
268,Sheryl Blevins,29,A,kaisernathaniel@example.com
269,Suzanne Pena,29,D,savannah60@example.net
270,Zachary Jackson,23,F,ayalacynthia@example.net
271,Denise Flowers,19,E,denisenelson@example.com
272,Stacy Valdez,27,D,teresa59@example.com
273,Michael Ward,22,F,jmiller@example.net
274,Jill Zuniga,22,B,joshuadavidson@example.com
275,Eric Johnson,21,D,melissahuber@example.org
276,Jaime Fields,26,F,georgemoore@example.org
277,Robert Johnson,19,E,andrew33@example.org
278,Julia Dyer,18,E,iwilliams@example.com
279,Jessica Nguyen,29,F,ireid@example.org
280,Kirk Davidson,27,B,rcisneros@example.org
281,Justin Griffin,28,A,daniellegrant@example.org
282,Joseph Howard,22,F,jamiepatterson@example.net
283,Lisa Adams,25,A,clarkejamie@example.com
284,Christopher Carter,24,C,hernandezjohn@example.org
285,Taylor Harris,30,D,sara61@example.com
286,John Daniels,20,E,yjordan@example.com
287,Christopher Dixon,23,F,april94@example.com
288,Christine Stein,28,C,kevin08@example.net
289,James Hunter,26,C,angela61@example.org
290,Timothy Scott,20,A,lisapena@example.com
291,Michael Massey,26,F,diazamy@example.com
292,Rebecca Benton,21,E,thomaspalmer@example.com
293,Erik Webb,24,F,steven98@example.com
294,Joe Bowman,27,B,kristinlee@example.org
295,Wesley Smith,19,B,kimberlyjones@example.org
296,Joseph Martin,30,D,gomezryan@example.com
297,Hannah Mccormick,19,B,corey29@example.net
298,Kevin Martinez,20,F,yrandolph@example.com
299,Tiffany Sanchez,24,F,phillipsjoshua@example.org
300,Darrell Phillips,29,C,operez@example.org
301,Daniel Harris,23,E,alexamann@example.com
302,Ana Ware,24,D,shirley17@example.net
303,Joanne Vazquez,30,E,amorales@example.com
304,Kathleen Perkins,23,F,kathrynwiggins@example.com
305,Zachary Howell,30,D,kevingross@example.org
306,Angela Johnson,20,B,nathan41@example.net
307,Gloria Hammond,29,B,ntaylor@example.net
308,Joshua Simmons,25,E,mcunningham@example.net
309,Catherine King,21,E,lnorton@example.com
310,Rachel Nelson,27,B,wharrell@example.net
311,Annette Davis,18,F,jeffery38@example.net
312,Jennifer Wells,24,E,michaeljoseph@example.org
313,Stephen Wiggins,27,B,munoznicole@example.org
314,Benjamin Allison,28,A,patelbradley@example.com
315,Amanda Armstrong,22,C,dzimmerman@example.net
316,Kimberly Harvey,20,B,garciatina@example.org
317,Elizabeth Vargas,22,D,lrodriguez@example.org
318,Anthony Jackson,23,C,katiemendoza@example.com
319,Carla Herrera,27,D,jordanmonica@example.org
320,Caitlin Moss,27,E,ronald02@example.com
321,Amanda Hill,20,A,candice50@example.net
322,Yesenia Russell,19,A,lindadavis@example.net
323,Rachel Shah,22,A,rpowers@example.org
324,Grant Burton,22,C,nicole53@example.net
325,Whitney Perez,21,F,todd76@example.org
326,Megan Cooper,20,E,michaellee@example.net
327,Michelle Casey,27,C,wrodgers@example.com
328,Michael Coleman,20,C,jamie78@example.com
329,Stephen Dunn,22,F,courtneyvega@example.net
330,Raymond Byrd,30,B,kyle48@example.net
331,Kimberly Diaz,22,F,jasmin28@example.net
332,Jamie Scott,29,B,brian08@example.net
333,Sandra Howell,21,A,brittanyortega@example.com
334,Russell Warren,21,B,reyesrandall@example.net
335,Adam Evans,19,C,johnny68@example.org
336,Jessica Estrada,19,C,lauren65@example.net
337,Kevin Clark,21,F,christopher24@example.com
338,Jamie Mcmahon,20,F,rogerguzman@example.net
339,James Alvarez,23,F,christopheryoung@example.com
340,Stephanie Gomez,27,B,vanessa19@example.net
341,Jessica Myers,26,B,brandysanchez@example.org
342,Ashley Kelley,22,D,alejandrostout@example.com
343,Dr. Haley Montgomery,18,B,rachel66@example.com
344,Eric Perkins,20,B,martinezjenny@example.net
345,Justin Johnson,23,F,ericlloyd@example.com
346,Debra Wolfe,25,B,wanda21@example.net
347,Jason Castillo,19,A,malonebilly@example.net
348,Danielle Newman,26,E,uhuang@example.net
349,Kenneth Castillo,29,C,nking@example.org
350,Maria Alexander,28,E,melissafarley@example.org
351,Brandi Edwards,28,A,hjackson@example.org
352,Sergio Sloan,28,D,qmoss@example.com
353,Heather Clayton,21,A,craigroman@example.net
354,Michael Parker,29,B,brittany67@example.org
355,Sheila Estrada,28,F,qharris@example.com
356,Samantha Mccarthy,24,F,joshua74@example.org
357,Alec Daniels,23,F,boydheather@example.org
358,Kristy Roberts,29,A,langderrick@example.org
359,Samantha Duffy,18,A,danielle68@example.com
360,Susan Scott,24,F,williamsjonathan@example.com
361,Amy Salas,24,E,karen45@example.org
362,Angelica Ballard,25,B,amy24@example.net
363,Brian Torres,18,E,melaniewoodward@example.com
364,Marie Roth,26,D,randall63@example.com
365,Alexander Robinson,25,B,fabbott@example.com
366,Adrian Castaneda,24,D,ryan89@example.net
367,Jenna Bradshaw,21,C,ralph61@example.com
368,Jason Mills,24,E,haley87@example.org
369,Nathan Spencer,23,F,jessica25@example.com
370,Michael Alvarado,26,F,zconrad@example.com
371,Mrs. Jessica Small DDS,30,E,kimberlytran@example.org
372,Rebecca Moreno,18,C,jason16@example.com
373,Hailey Wilson,30,C,thompsonleslie@example.net
374,Cheyenne Gill,23,A,hugheszachary@example.com
375,Samantha Miller,18,F,allenrios@example.net
376,Kayla Walker,21,D,blowe@example.org
377,George Tran,28,D,harrisemily@example.org
378,Kimberly Eaton,29,A,mcculloughjason@example.com
379,Nicholas Brooks,29,D,yolanda52@example.net
380,Anthony Riggs,23,E,woodwardmelinda@example.com
381,Melissa Ramos,30,A,monicawright@example.net
382,Andrew Hayes,25,C,kathleenbutler@example.com
383,Matthew Guzman,22,E,darryljennings@example.net
384,Tim Cobb,23,B,jmiller@example.com
385,Nicholas Edwards,18,D,nherrera@example.net
386,Gregory Miller,24,C,lisathompson@example.com
387,Daniel Small,19,A,brianchase@example.net
388,Brandi Dawson,22,A,darrell24@example.net
389,Richard Miles,30,C,angela51@example.org
390,Hannah Gray,20,B,millerkimberly@example.net
391,Tammy Brooks,28,D,elizabeth91@example.net
392,Carolyn Phillips,20,E,brittanyhartman@example.org
393,Dustin Castaneda,19,C,tracyrhodes@example.net
394,Allison Jordan,22,F,rebeccamoore@example.com
395,Robin Marquez,25,E,melissa30@example.com
396,Courtney Mcdowell,23,A,agarcia@example.com
397,Daniel Oliver,20,B,christopher00@example.net
398,Christina Alexander,26,C,cummingsjessica@example.org
399,Katherine Gonzalez,30,E,fscott@example.net
400,Jennifer Solis,19,C,progers@example.net
401,Richard Mccullough,22,E,waynewoodard@example.com
402,Rachael Santana,22,D,tparks@example.com
403,Joseph Spencer,20,F,christian64@example.net
404,George Price,29,C,iwilson@example.org
405,Melissa Arnold,26,B,robbinsadam@example.com
406,Nicholas Durham,30,C,kking@example.com
407,Kathy Guzman,21,D,fordfrances@example.net
408,Stacy Miller,21,E,joshua58@example.com
409,James Williams,21,F,lauracurtis@example.net
410,Erin Harper,19,E,kduncan@example.org
411,Alex Sims,26,D,juanjones@example.com
412,Jason Weber,21,F,steven62@example.org
413,Amy Smith,25,B,shorttara@example.net
414,Katelyn Kennedy,23,B,wwilliams@example.org
415,Joseph Blevins,19,E,colekimberly@example.com
416,Chelsea Mckenzie,18,C,ryan21@example.net
417,Scott Jennings,20,D,zrios@example.net
418,Kelly Hamilton,21,E,kennedydavid@example.net
419,Darrell Castillo,26,A,fishermichael@example.com
420,Richard Cook,18,E,johnsonjenna@example.com
421,Wendy Davis,27,E,hmccormick@example.net
422,Mr. Jesus Patrick,21,D,vasquezpatricia@example.net
423,Brittney Wolfe DDS,23,A,laurajones@example.org
424,Timothy Massey,28,A,garciamichael@example.com
425,Amy Rocha,18,C,gilbertalicia@example.org
426,Melissa Spencer,24,D,yfrye@example.com
427,Ronald Ward,18,A,xbender@example.net
428,Matthew Ali Jr.,27,D,eric56@example.org
429,Veronica Chan,29,E,dustinwright@example.net
430,Brian Jackson,30,F,xkaiser@example.net
431,Scott Wise,19,E,vgray@example.org
432,Thomas Reed,21,C,david98@example.com
433,Michael Molina,27,F,kevinlewis@example.com
434,Lauren Ochoa,29,D,dana11@example.com
435,Andrew Ingram,20,B,taylorwilkins@example.org
436,Debbie Richardson,21,A,kyleeaton@example.net
437,Ariel Garner,24,A,doughertyjennifer@example.org
438,Jaime Guzman,23,E,william75@example.net
439,Alisha Smith,29,D,bbryant@example.com
440,Rachel Woods,27,F,jmartinez@example.com
441,Andrea Jones,24,C,davidvelez@example.org
442,Jeffrey Arnold DDS,21,F,fgould@example.com
443,Abigail Berger,22,D,navarrocaleb@example.com
444,Kenneth Robertson,26,B,aprilwalton@example.com
445,Richard Leon,26,E,yvette46@example.net
446,Jonathan Thompson,23,B,danielleon@example.net
447,Mrs. Frances Ramirez MD,21,C,yburton@example.org
448,Katrina Rogers,21,C,quinndaniel@example.com
449,Sheila Hamilton,28,A,cjohnson@example.net
450,Veronica Gonzales,24,C,rebecca43@example.org
451,Melissa Perez,19,A,qodonnell@example.net
452,Theresa Johns,19,F,durhamlauren@example.org
453,John Turner,24,E,erin50@example.com
454,Jason Sellers,25,F,jjohnson@example.com
455,Amy Kelley,26,A,briana00@example.net
456,Victoria Johnson,23,E,cardenasrobert@example.net
457,Tanner Walter,21,D,marcia36@example.com
458,Yesenia Bryant,19,C,hartjames@example.org
459,Melody Rios,21,B,brandysantana@example.com
460,Yvonne Cruz,28,A,dfletcher@example.net
461,Melissa Orozco,18,C,nharris@example.net
462,Travis Morales,20,C,zcook@example.net
463,Christopher Green,24,D,eric48@example.net
464,Stephen Nelson,30,B,melissa25@example.org
465,John Barnes,29,B,theresaayala@example.com
466,Bianca Osborne,22,F,hector52@example.org
467,Tiffany Kennedy,24,F,john68@example.com
468,Robert Smith,24,A,theresa23@example.com
469,Eric Garcia,20,F,brandon23@example.org
470,Jacob Morris,19,C,moyerjennifer@example.com
471,Matthew Hanna,28,E,juanrodriguez@example.org
472,Pamela Knapp,27,C,qcurtis@example.org
473,Patricia Castillo,20,E,angelamitchell@example.com
474,Travis Rojas,25,C,uschaefer@example.com
475,Kevin Moore,24,E,davidsonkristina@example.com
476,Gina Huff,24,F,owhite@example.com
477,Hannah Schroeder,22,D,christopher40@example.com
478,Jay Donaldson,19,A,frojas@example.org
479,Brian Montes,22,F,yatesamanda@example.com
480,Yolanda Johnston,18,B,sotolisa@example.org
481,Elizabeth Evans,19,C,campbellchristopher@example.com
482,Cynthia Jimenez,25,F,williamstina@example.net
483,Diane Davila,26,C,richmondbryan@example.org
484,Leslie Lewis,18,E,jenniferwilkinson@example.org
485,Keith Morton,30,E,jeffreypatterson@example.com
486,Nicholas Jones,25,D,longsarah@example.org
487,Penny Becker,23,F,victoriaphillips@example.org
488,Roger Blair,22,D,gomezdominic@example.net
489,Tiffany Mercer,27,D,malik54@example.org
490,Ryan Lucas,29,B,goodwinwendy@example.net
491,Katherine Frey MD,28,E,andrewjohnson@example.net
492,Nicholas Flores,26,D,prattmario@example.org
493,Madison Gonzalez,22,E,michaelgarcia@example.net
494,Mark Washington,24,A,hudsonkevin@example.net
495,Laura Leon,19,E,alejandro73@example.com
496,Richard Sanders,27,A,danieldavis@example.net
497,Katherine Todd,18,F,peterwalker@example.com
498,Raymond Johnson,26,A,franciscocampbell@example.org
499,Rachel Frost,20,D,ssutton@example.com
500,Felicia Hale DVM,30,B,andrew86@example.com
501,Daniel Price,25,D,james23@example.com
502,Eric Smith,19,A,butlerlindsey@example.net
503,Richard Chavez,25,D,wbaker@example.com
504,Joshua Marks,26,C,annewilson@example.com
505,James Bright,23,C,hudsonkaren@example.com
506,Tony Burke,28,F,kristen43@example.com
507,Rebecca Murphy,25,D,jeremycompton@example.net
508,Thomas Saunders,24,A,allenhaley@example.org
509,Mark Thompson,30,A,aobrien@example.org
510,John Brooks,23,B,villarrealshannon@example.org
511,David Evans,26,D,dustin34@example.org
512,Russell Ray,24,C,james93@example.net
513,Jennifer Jones,19,C,lewischristopher@example.net
514,Brandon Taylor,28,C,nmolina@example.net
515,Katherine Chan,29,A,keith85@example.org
516,Kyle Sutton,21,E,anthonyanderson@example.net
517,Ashley Gilbert,25,D,pamelapowers@example.net
518,James Collins,18,C,carrollkristin@example.net
519,Jonathan Brooks,22,D,velazquezcristina@example.com
520,Daniel Kennedy,24,C,patrick97@example.com
521,William Ryan,30,A,djohnson@example.org
522,Mark Bates,19,F,emathis@example.org
523,Sheri Franklin,22,A,bryan88@example.net
524,Ashley Williams,30,D,jacksonemily@example.net
525,Courtney Dixon,21,D,oneillcarol@example.com
526,Susan Smith DDS,26,E,johnpratt@example.org
527,Vanessa Terry,23,D,andrew08@example.org
528,Roy Stone,30,B,janettaylor@example.org
529,Brianna Rose,28,F,hacosta@example.net
530,Jordan Jones,26,B,matthew23@example.org
531,Gregory Villegas,29,D,melinda91@example.com
532,Elizabeth Clark,21,D,stacy78@example.net
533,Samantha Preston,27,C,raymond28@example.com
534,Timothy Hartman,19,B,michaellopez@example.com
535,Lauren Byrd,30,B,courtney45@example.org
536,Laura Daniel,21,D,bakersteven@example.net
537,Cindy Sutton,27,D,jroberts@example.net
538,Adam Greene,29,A,rebeccaadams@example.net
539,Kelly Simmons,29,E,lrichards@example.org
540,Karen Turner,18,D,noblejanet@example.com
541,Angela Young,18,A,carrie84@example.org
542,Scott Johnson,21,C,castillomichele@example.com
543,Matthew Johnson,22,A,michael14@example.com
544,Michael Flowers,18,A,ljordan@example.org
545,Kathy Bentley DVM,25,F,sarahhaas@example.net
546,Angela Poole,18,D,thomaswong@example.net
547,Mark Payne,24,B,michaelbryant@example.org
548,Sheryl York,24,C,robert51@example.com
549,Amanda Frazier,26,A,khicks@example.com
550,Sarah Sampson,23,A,brownjoseph@example.org
551,Leslie Booth,20,D,christina76@example.org
552,Victor Kaufman,21,A,stacy53@example.org
553,Teresa Melendez,23,C,henryford@example.net
554,William Knapp,18,E,annreyes@example.org
555,Margaret Watts,24,E,ewilliams@example.com
556,Todd Johnson,19,A,nicholas31@example.net
557,Mr. Jacob Walker,26,F,jordanbutler@example.com
558,Mary Hill,30,C,johnsonclaudia@example.com
559,Karen Gonzales,23,D,ashley82@example.org
560,Christopher Nguyen,18,F,vanessaguerra@example.org
561,Jordan Farmer,25,C,rhonda43@example.net
562,Nichole Reed,18,C,lindsaybass@example.com
563,Carrie Anderson,19,A,jenniferbrown@example.com
564,Joshua Jennings,30,A,stephensonmark@example.com
565,Sophia Contreras,20,A,vglenn@example.com
566,Paul Herman,26,E,fhumphrey@example.org
567,Joshua Turner,25,F,kevinwood@example.com
568,Misty Pace,30,E,oguzman@example.com
569,Steven Stokes,27,A,andrew13@example.com
570,Kristi Gonzalez,22,A,luismeza@example.net
571,Mitchell Payne,20,D,patrickspencer@example.net
572,Amber Moore,20,B,fkramer@example.net
573,John Andrade,20,F,allen92@example.net
574,Tina Porter,22,B,maxwell04@example.net
575,Kathryn Hernandez,25,A,watkinsthomas@example.org
576,Laura Thompson,25,B,amy40@example.net
577,Alexandra Walsh,28,A,amandamullins@example.org
578,Randy Valdez,18,E,beasleyfrank@example.org
579,Melanie Vargas,22,D,alicia07@example.net
580,Amy Miller,22,E,stevenmurphy@example.org
581,Alexander Marsh,29,E,natashachambers@example.org
582,Charles Hardin,25,B,james18@example.net
583,Lisa Hernandez,18,F,collinsjulia@example.org
584,Michael Dixon,20,F,terryleah@example.net
585,Colleen Howard,28,C,peter83@example.net
586,Randy Johnson,27,B,kevin04@example.org
587,Melissa Gomez,29,F,patrick61@example.net
588,Kevin Reynolds,29,B,melissa74@example.net
589,Sheri Mason,25,D,debbiechang@example.com
590,Hannah Vargas,29,B,davidmartin@example.net
591,Shannon Lee,24,A,wgonzales@example.com
592,Susan Silva,26,E,maloneanna@example.com
593,Rachel Graham,24,C,catherine57@example.org
594,Jennifer Roberts,29,E,christopherparrish@example.org
595,Jodi Clarke,26,D,emilyjones@example.net
596,Evelyn Ochoa,29,E,aodom@example.com
597,Victoria Marshall,25,B,samantha99@example.net
598,Sonya Johnston,18,F,stephanie49@example.org
599,John Rich,24,C,brittanybell@example.net
600,Amanda Johnson,29,D,msandoval@example.com
601,Dale Riley,23,D,mcfarlandcharles@example.com
602,Destiny Nixon,30,D,zunigathomas@example.net
603,Steven Lane,28,C,ubrowning@example.com
604,Jose Cooper,19,C,bjohnson@example.net
605,Michael Robinson,21,C,robin76@example.com
606,Benjamin Stewart,29,E,lhall@example.net
607,Christopher Chaney,24,E,aarongreen@example.net
608,Patrick Roberts,22,A,murillodominique@example.net
609,Sherry Campbell,20,E,rickeytrujillo@example.net
610,Jared Jackson,18,A,barbarathomas@example.net
611,Leslie Watson,29,E,veronica55@example.com
612,Chad Singh,21,D,steven44@example.org
613,Jasmine Hoffman,26,C,watersjoshua@example.org
614,Juan Pugh,30,C,samuelwright@example.com
615,Michael Ayala,18,B,morr@example.com
616,Laura Salazar,23,A,gabrielsmith@example.net
617,Jacob Salas,26,A,gbaxter@example.net
618,Roy Dickson,20,C,moodyjeffrey@example.org
619,Tonya Haney,26,F,ronald23@example.org
620,Matthew Carter,27,C,christybaker@example.net
621,Jeffery Black,29,C,pettyamy@example.com
622,Sarah Douglas,28,C,coryperkins@example.net
623,Ronnie Henderson,19,E,amymoore@example.org
624,Charles Clark,21,F,vbarrera@example.org
625,Andrew Park,22,A,gloriahall@example.com
626,William Carter,26,F,gchan@example.com
627,Robert Fox,28,D,khorne@example.org
628,Julia Gonzalez,22,D,joejones@example.net
629,Stephanie Mckenzie,24,E,leoneric@example.org
630,Amanda Hernandez,29,C,jennifer49@example.net
631,Carla Smith,22,E,tallen@example.com
632,Russell Williams,29,E,ariasbryan@example.net
633,Erin Reyes,27,A,christopher92@example.org
634,Patricia Shaw,28,B,marywashington@example.com
635,Mr. Hunter Wright,19,A,hannah37@example.net
636,Zachary Goodwin,20,B,yhammond@example.com
637,Kevin Moon,18,E,wsellers@example.com
638,Francisco Garrett,18,F,hansonjimmy@example.com
639,Margaret Gibson,19,B,vwilson@example.net
640,Katherine Hutchinson,21,A,thomascynthia@example.org
641,John Armstrong,22,E,rkoch@example.org
642,James Norris DDS,18,D,denise95@example.org
643,Chelsea Rojas,23,F,gmartin@example.net
644,Mr. Alejandro Acosta MD,26,A,amber58@example.com
645,Amy Robinson,29,E,colonmaria@example.com
646,Patrick Jones,30,C,josephsteele@example.net
647,Matthew Coleman,19,B,williamsanchez@example.org
648,Nathan Morgan,24,B,timothymacias@example.net
649,Samantha Kelly,23,E,jade41@example.org
650,Sarah Morse,23,B,scott20@example.net
651,Rhonda Carter,20,C,deborahsantos@example.net
652,Julie Jackson,18,B,melissascott@example.org
653,Frank Moss,18,B,davisbonnie@example.com
654,Joshua Davenport,30,F,jeffrey84@example.org
655,Joseph Lang,30,E,greerjuan@example.org
656,Scott Howard,21,D,youngemily@example.com
657,Jeffrey Morales,18,C,james26@example.net
658,Rebecca Schultz,29,E,donaldsonpeter@example.org
659,Troy Craig,30,A,johnsonricardo@example.net
660,Steven Weiss,26,D,robertholland@example.com
661,Laurie Wilson,18,F,rushmary@example.net
662,Jason Robinson,22,B,fbradley@example.net
663,Nicole Wagner,29,B,richardmartinez@example.org
664,Gloria Olsen,21,A,ugraham@example.com
665,Aaron Murray Jr.,19,F,powersmatthew@example.net
666,Melissa Johnson,22,C,thomas73@example.net
667,Aaron Anderson,21,D,mmaynard@example.org
668,Kyle Kelly,27,B,craig53@example.com
669,Cole Peters,22,B,joshuawilliamson@example.com
670,Michael Nolan,25,C,marycole@example.com
671,Marie Anderson,24,F,psims@example.net
672,Russell Morrison,21,E,alyssa08@example.com
673,Stephanie Duran DDS,22,D,davisscott@example.com
674,Lauren Tran,25,D,aroberts@example.net
675,Alexander Brown,18,E,dherrera@example.net
676,Kristina Parsons,26,A,emilypadilla@example.com
677,John Campos,23,C,rodriguezstephanie@example.net
678,Stephanie Hanson,18,A,gburch@example.org
679,Amy Brewer,20,C,jodiwilliams@example.com
680,Heather Johnson,18,C,fbaxter@example.org
681,Paige Sims,23,C,patricia98@example.com
682,Glenn Fischer,23,F,davidrivera@example.com
683,Timothy Cross,20,C,destiny99@example.com
684,Jeffery Miller,27,E,katherinebrown@example.net
685,Scott Fischer,20,F,imorrow@example.com
686,Nicole Jones,25,B,hawkinsrichard@example.net
687,Brandi Wright,26,F,steven35@example.net
688,Dylan Edwards,23,A,kball@example.net
689,Jamie White,24,A,kingdavid@example.com
690,Harry Thompson,19,C,jacob14@example.com
691,Tabitha Wilson,20,B,kpatrick@example.net
692,William Johnson,22,D,fbrown@example.net
693,Jocelyn Ray,22,F,lpalmer@example.com
694,Kathryn Willis,29,D,popeamanda@example.net
695,Timothy Scott DDS,24,C,ogarrison@example.com
696,Amber Bass,22,B,phunter@example.com
697,Bobby Herman,20,F,cynthiaryan@example.org
698,Kyle Morales MD,27,D,gwilliams@example.org
699,Elizabeth Robinson,22,E,jacquelinedudley@example.com
700,Christian Flowers,23,C,christinahill@example.com
701,Ethan Mcguire,20,A,eric98@example.org
702,Louis Gibson,21,C,rachel57@example.org
703,Andrea Anderson,18,D,david29@example.org
704,Michael Lambert,25,E,geraldcalderon@example.net
705,Taylor Mathews,28,E,andrea77@example.com
706,Christopher Newton,18,B,mmcintyre@example.net
707,Carlos Molina,26,B,oaustin@example.org
708,Charlene Ellis,22,A,richardmatthew@example.com
709,Thomas Clark,22,E,atkinsjoseph@example.org
710,Sarah Stevens,21,B,brandonreynolds@example.net
711,Brian Taylor,24,C,mahoneymario@example.com
712,Kimberly Jones,19,F,john42@example.net
713,Sabrina Sanchez,24,C,bryaneverett@example.net
714,Rhonda Stewart,26,F,richmondrobert@example.net
715,Timothy Taylor,29,C,shawn44@example.net
716,Mia West,26,E,sharris@example.com
717,Cheryl Jones,26,A,janice92@example.org
718,John Horton,23,B,daniel71@example.com
719,Jaclyn Harris,19,F,peter84@example.net
720,Holly Garza,23,F,andrewibarra@example.org
721,David Davis,18,E,scott22@example.org
722,Kristen Parker,20,B,dsolomon@example.com
723,Megan Wallace,29,D,abigailbanks@example.com
724,Brian Campbell,29,B,sarah44@example.com
725,Katie Burton,26,D,vmcintyre@example.net
726,Shelly Wilson,26,F,iwheeler@example.org
727,Tanner White,27,B,boylenina@example.com
728,Heather Hayes,26,E,oneilltonya@example.org
729,David Bell,24,D,vthompson@example.net
730,Amanda Martinez,26,A,jennifermunoz@example.net
731,Philip Green,24,A,srivera@example.com
732,Christopher Gonzales,19,A,biancawilkins@example.org
733,Nicole Shaffer,26,F,carlosrodriguez@example.org
734,Xavier Mccall,29,E,groberson@example.net
735,Natalie Young,19,B,umoore@example.com
736,Wayne Pitts,24,D,josephmatthews@example.net
737,Christian Acosta,23,B,leedeborah@example.org
738,Heather Marshall,29,D,mooreclarence@example.net
739,Ruth Lee,26,B,matthew72@example.com
740,Beth Butler,24,D,xharmon@example.org
741,Bruce Gaines,18,A,tcarroll@example.org
742,Anna Adams,18,C,devonacevedo@example.com
743,Joseph Yoder,19,D,trivera@example.net
744,Andrew Davis,19,A,garystewart@example.net
745,Robert Davis,22,B,renee39@example.net
746,Luke Li,30,C,deborah99@example.com
747,Jamie Gonzales,19,F,thomas37@example.org
748,Heather Williams,26,D,gjackson@example.net
749,Amanda Patterson,28,D,davistyler@example.org
750,William Chambers,27,D,martinmoody@example.net
751,Shannon Maxwell,23,E,dlopez@example.net
752,Catherine Lopez,18,E,christygonzalez@example.net
753,Mathew Sanders,28,A,davisbrandon@example.net
754,Robert Snyder,28,F,loganmary@example.org
755,Danny Scott,24,E,teresa34@example.net
756,Kaylee Gordon,18,A,andreabass@example.net
757,Deborah Wiley,30,F,psolis@example.org
758,Christine Kennedy,25,B,ellenrivera@example.com
759,Ian Hamilton,28,A,deborahbowman@example.com
760,Sherry Holmes,27,B,jaredbarnett@example.com
761,Tammy Decker,18,B,eddie24@example.org
762,William Collins,26,A,smithmonique@example.org
763,Amy Holmes,23,B,elizabethjones@example.net
764,Christopher Silva,29,D,jreyes@example.org
765,Roy Young,27,D,troyscott@example.com
766,Brandon Ellis,30,F,danderson@example.com
767,Nicholas West,30,A,paigecaldwell@example.com
768,Samantha Reynolds,25,B,betty75@example.org
769,James Martin,20,B,huangandrea@example.net
770,Evan Johnson,25,B,qgaines@example.org
771,Melissa Lee,29,A,johnmercer@example.org
772,Ian Bailey,30,B,george39@example.org
773,Patrick Brown,27,C,alexatyler@example.com
774,Laura Holmes,21,C,whitneysteven@example.net
775,Nancy Kelly,26,D,christopher09@example.com
776,Mark Mack,24,F,cynthiacohen@example.org
777,Elizabeth Proctor,20,B,downsjeffrey@example.com
778,Emily Smith,30,B,wendy04@example.org
779,William Jensen,25,B,michellezimmerman@example.org
780,Zachary Johnston,30,A,zmatthews@example.com
781,Nicholas Wade,24,B,rebecca55@example.net
782,Michael Navarro,29,E,williamsalexis@example.com
783,Sandra Rodriguez,30,B,colonkatrina@example.org
784,Abigail Freeman,19,B,xsanders@example.net
785,Eric Jordan,21,B,ricejessica@example.org
786,Nathan Delacruz,20,B,zbutler@example.net
787,Travis Ramirez,30,A,rangelpaula@example.org
788,Sergio Morgan,28,F,ryan69@example.com
789,Rachel Peterson,26,C,lopeztimothy@example.net
790,Connie Rogers,24,E,scott85@example.com
791,Eugene Bailey,30,F,zevans@example.org
792,Veronica Fitzgerald,30,A,gregory70@example.org
793,Amanda Baird,18,D,stephanie62@example.com
794,Stephanie Cohen,23,D,scott33@example.com
795,Sarah Ward,27,A,knightmary@example.com
796,Ricardo Malone,22,E,darrenwallace@example.com
797,Robin Mccann,18,B,cheneileen@example.com
798,Candice Garcia,20,B,ntorres@example.org
799,Alexander Riley,19,E,ngordon@example.org
800,Maria Jones,23,E,gporter@example.com
801,Kathryn Stanley,28,D,nhodge@example.net
802,Robert Green,26,F,girwin@example.net
803,Alicia Anderson,27,B,martinjames@example.org
804,Marcus Walters,28,B,johnsonjoanna@example.com
805,Angela Johnson DDS,24,F,franklinjohn@example.com
806,Robert Richardson,18,F,breanna60@example.com
807,Dustin Oliver,22,B,morenosandra@example.org
808,Melissa Baird,24,E,yhiggins@example.net
809,Alexis Stewart,23,B,debbie86@example.org
810,Laura Fox,19,F,melvin02@example.org
811,Devin Lawrence,30,B,jhernandez@example.org
812,Dorothy Oneal,30,B,dwolfe@example.org
813,Scott Ballard,29,E,icunningham@example.net
814,Lisa Patterson,18,E,ramirezstephen@example.org
815,Amber Kane,25,E,cooperpatrick@example.org
816,Erica Baker,26,A,roger17@example.org
817,Leslie Butler,23,F,cardenasjoseph@example.net
818,Laurie Jones,29,E,khudson@example.net
819,William Hancock,25,A,bscott@example.org
820,Michelle Payne,23,F,matthewkaiser@example.net
821,Cindy Lambert,23,D,gloria23@example.org
822,Dr. Jennifer Alvarado MD,26,E,grantmichael@example.org
823,Mr. Joseph Carter III,21,A,elynch@example.net
824,Jamie Nguyen,22,B,aliciathomas@example.org
825,Caroline West,22,D,websteramy@example.net
826,Stephanie Rivera,29,D,ericsmith@example.org
827,Scott Armstrong,20,B,brent86@example.com
828,Lauren Perez,25,B,rebeccadavis@example.net
829,Lawrence Solomon,28,E,poperodney@example.com
830,Daniel Henderson,27,C,kevintate@example.com
831,Erik Smith Jr.,26,A,chelseaballard@example.com
832,Austin Carney,22,C,vlowe@example.com
833,Walter Stevens,26,B,mark17@example.org
834,Mary Matthews,24,C,qyoder@example.net
835,Crystal Dodson,18,E,grahamkrista@example.org
836,Albert Gutierrez,18,F,brianhoward@example.org
837,Michael Lowery,18,B,clarkbenjamin@example.com
838,Charles Walker,18,D,brenda67@example.com
839,Emily Jackson,21,F,mikemills@example.org
840,Jonathan Lee,29,F,christianwillis@example.org
841,Daniel Chambers,25,B,beckpaul@example.org
842,Cassandra Miller,22,F,brianna58@example.org
843,Timothy Robinson,26,D,wnichols@example.org
844,Joseph Stone,24,C,lgonzalez@example.net
845,Crystal Taylor,25,B,ohicks@example.net
846,Cameron Vazquez,27,D,melissa42@example.net
847,Nicolas Shields,25,A,oconnelljason@example.org
848,Lori Hill,23,C,adam84@example.net
849,Ann Garner,28,C,amygregory@example.net
850,Amy Church,19,E,korr@example.org
851,Kylie Schwartz,19,A,bennettkyle@example.org
852,David Gilbert,19,F,nperez@example.org
853,Julia Johnson,25,B,brendan95@example.com
854,Jeffrey Ross,21,B,samuel81@example.com
855,Mark King,22,C,chloe07@example.org
856,Jose Christian,24,C,andersenroger@example.com
857,Barbara Smith,26,C,davidwright@example.net
858,Kayla Sullivan,25,C,spearsdaniel@example.com
859,Jennifer Jackson,30,D,jon04@example.com
860,Andre Brown,25,E,geraldwallace@example.net
861,Jessica Moon,19,B,rollinstimothy@example.com
862,Andrew Dyer,27,C,sarah83@example.org
863,Robin Price,22,B,bullockgregory@example.com
864,Elizabeth White,30,B,vhines@example.com
865,Charles Taylor,18,C,sara46@example.org
866,Jason Miller,18,F,robert88@example.net
867,Brian Griffith,23,E,ronaldpope@example.org
868,Brian Holt,27,A,charleschambers@example.net
869,Margaret Bennett,22,E,connorarnold@example.net
870,Adam Patterson,24,A,davidthompson@example.net
871,Alan Torres,27,A,phillipsmichael@example.org
872,Cynthia Mills,23,F,taylorcaleb@example.net
873,Denise Wheeler,18,E,dawnwinters@example.com
874,Leslie Mckenzie,19,D,leslie26@example.org
875,Timothy Goodman,27,A,jeremycline@example.net
876,John Bailey,25,D,hernandezamanda@example.org
877,Cynthia Vega,21,B,ahowe@example.org
878,Lori Anderson,29,A,patricia65@example.com
879,Shannon Newton,26,A,jamesmichelle@example.net
880,Ann Baker,30,D,vicki91@example.com
881,Sarah Hebert,30,B,cadams@example.org
882,Aaron Patterson,25,C,odaniels@example.net
883,Michelle Powell,27,C,charlesphillips@example.org
884,Julie Vasquez,25,B,todd40@example.net
885,Joshua Edwards,22,D,dustincastillo@example.com
886,Derrick Nicholson,28,E,csimon@example.org
887,Kim Hess,30,E,hughesashley@example.net
888,Glen Edwards,25,F,schultzjessica@example.org
889,Joshua Boone III,24,A,wpierce@example.com
890,Michelle Harris,22,D,nathantucker@example.com
891,Eric Mitchell III,27,B,thomasfrank@example.com
892,Michael Townsend,25,C,uclark@example.org
893,Crystal Acevedo,19,E,thomasdavid@example.com
894,Courtney Sullivan,21,C,liustephanie@example.net
895,Kimberly Chen,30,A,jay26@example.com
896,Paul Andrews,28,E,fergusonjose@example.net
897,Sydney Johnson,24,B,ljackson@example.org
898,Debbie Grimes,28,B,thomasjames@example.com
899,Cheryl Ali,18,B,goodaaron@example.net
900,Luis Rojas,29,B,williskaitlyn@example.com
901,Aaron Eaton,21,C,millerphilip@example.com
902,Ashley Kane,22,B,jgarza@example.net
903,Holly Clayton,18,D,warrenjeffrey@example.org
904,Edward Sosa,22,D,evansjames@example.com
905,Nicole Wells,24,E,corey36@example.com
906,Amanda Patterson,22,E,beverly68@example.net
907,Richard Carroll,22,A,jessica43@example.org
908,Carlos Morgan,26,B,uhoward@example.net
909,Nicole Sanders,18,C,egeorge@example.org
910,Samantha Smith,21,E,yquinn@example.com
911,Michael Cooke,24,C,joannariley@example.com
912,Marissa Mccormick,20,C,woodsamy@example.org
913,Joseph Garcia,26,A,lpugh@example.net
914,Ryan Lopez,28,C,diazmisty@example.com
915,Alexandria Ortiz,21,E,jacksonjacob@example.com
916,Corey Peck,23,E,scarpenter@example.net
917,Thomas Kelley,21,E,kennethcraig@example.net
918,Kristin Stevens,20,F,hectormcpherson@example.net
919,Kelly Bishop,28,B,khardin@example.com
920,Melinda Young,21,D,daniellesmith@example.org
921,Marc Khan,20,B,irobinson@example.com
922,Jason Davis,18,A,jacqueline49@example.net
923,Sandra Hawkins,28,E,jacob31@example.com
924,John Johnson,28,C,dawsongrace@example.org
925,Karen Harris,21,B,rrodgers@example.net
926,Paul Ewing,19,D,qharris@example.org
927,Donald Stevenson,24,F,dparks@example.net
928,Rachel Marsh,24,E,wharrison@example.org
929,Robert Patton,24,E,michael57@example.com
930,Jacob Stephens,29,C,ymcdonald@example.net
931,Steven Gonzalez,21,D,robertsanchez@example.org
932,Jamie Gibbs,22,C,crystal41@example.net
933,Wendy Bush,23,B,barbaramccarthy@example.com
934,Juan Hodges,29,C,tiffanylewis@example.org
935,Donna Burgess,21,C,michaelrodriguez@example.net
936,Dawn Park,19,A,christineburgess@example.org
937,Tracy Lynch,20,B,linda96@example.com
938,Gerald Garcia,27,B,pford@example.org
939,Andrew Kemp,26,D,johnsonsheryl@example.org
940,Lori Moreno DDS,28,F,sosakeith@example.com
941,Gregory Hodges,24,E,shane88@example.org
942,Daniel Meyer,22,D,henry13@example.com
943,Christopher Dennis,26,A,bellamanda@example.com
944,Amanda Clark,22,F,scott52@example.com
945,Paul King,30,E,kathleenwhitaker@example.com
946,Jacqueline Clark,24,C,zalvarado@example.net
947,Todd Simon,21,B,jennifer44@example.net
948,Sharon Taylor,30,D,jesse76@example.com
949,Michelle Mcdaniel,30,B,lindseyunderwood@example.com
950,Jennifer Watson,29,C,christopher99@example.net
951,Peter Caldwell,21,D,fordkimberly@example.org
952,Dr. Reginald Tate,22,B,morganshannon@example.org
953,Jennifer Williams,22,B,bakeralexander@example.org
954,Kristen Valentine,25,E,cruzkyle@example.org
955,Justin Cummings,25,C,nfields@example.org
956,Edward Walker,18,B,jeremywatts@example.org
957,April Williams,26,A,kaufmanlisa@example.org
958,Anthony Flores,30,E,randolphalexa@example.net
959,Natalie Mcclain,23,F,craig60@example.net
960,Selena Fitzgerald,25,E,franklinamanda@example.net
961,Travis Richardson,29,D,alexanderronald@example.com
962,Jeffrey Hughes,21,D,amanda61@example.org
963,Donald Carter,25,D,adamcabrera@example.net
964,David White,29,A,hstephens@example.org
965,James Clark,21,B,bstone@example.net
966,James Pacheco,26,A,tonifischer@example.com
967,Nathaniel Wood,22,D,matthewphillips@example.com
968,Jennifer Foster,18,A,paula78@example.com
969,Jamie Barnes,25,E,figueroadorothy@example.net
970,Mr. Thomas Barnes DDS,23,F,zblake@example.net
971,Lori Alexander,22,B,cherylsmith@example.org
972,Jasmine Mitchell,28,E,shawn62@example.net
973,Jason Stephens,25,C,jefferyblackwell@example.org
974,Melissa Perry,21,F,dawnanderson@example.com
975,Elizabeth Harris,27,F,benjaminflynn@example.org
976,Jill Coleman,24,A,samuel30@example.com
977,Colin Martinez,19,C,alexis10@example.org
978,Ashley Harris,19,A,amber76@example.net
979,Jessica Coleman,18,E,johnsonkristin@example.org
980,Katherine Mack,19,F,brendawalter@example.net
981,Megan Gardner,19,D,snyderrobert@example.org
982,Caitlin Larson,27,C,timothygibbs@example.org
983,Cheryl Le,24,C,ayalarebecca@example.net
984,Philip Cochran,29,A,timmoore@example.net
985,Ashley Villa,26,F,ronaldramirez@example.com
986,Scott Thompson,18,C,smithchristine@example.net
987,Caleb Mosley,24,E,davidjuarez@example.com
988,William Lewis,20,A,ashleykeller@example.com
989,Cathy Bailey,24,F,uhall@example.org
990,Jeffrey Nolan,27,B,christopherhodge@example.org
991,Dr. William Miller MD,20,E,jonesdouglas@example.net
992,Daniel Eaton,18,A,robertlewis@example.org
993,Jaclyn Jackson,27,F,steven81@example.com
994,Rebecca Johnson,27,B,brittanywashington@example.com
995,Kevin Hamilton,25,E,tiffany04@example.net
996,Bailey Nunez,20,A,kathleensmith@example.com
997,Elizabeth Horton,21,A,paulortiz@example.org
998,William Meyer,25,C,jessica98@example.net
999,Sharon Mcdaniel,21,C,richardstiffany@example.org
1000,Diana Gonzalez,22,C,fspencer@example.com
1001,Melissa Johnson,30,A,ehunt@example.org
1002,Linda Lowe,25,C,alex19@example.net
1003,Gregory Pena,24,C,glennjohn@example.org
1004,Brent Murphy,20,C,katherinecampbell@example.org
1005,Steven Kelly,21,B,sullivankatie@example.net
1006,Melissa Caldwell,24,B,hectornash@example.net
1007,Desiree Gray,24,E,sydneyhaynes@example.net
1008,Eric Wallace,24,E,zavalakenneth@example.net
1009,Nathan Yates,29,F,joneskathleen@example.org
1010,Kenneth Garcia,24,A,cwatson@example.net
1011,Nancy Hill,18,F,wwolfe@example.org
1012,Michelle Kelly,28,F,curtiscrane@example.net
1013,Cassandra Sparks,30,C,jennifer09@example.org
1014,Nicholas Shaw,24,C,gutierrezmaria@example.com
1015,Daniel Macdonald,23,B,ocarr@example.net
1016,Patricia Scott MD,29,F,wpeterson@example.org
1017,Melissa Smith,19,F,quinnbrianna@example.com
1018,Valerie Martinez,28,E,lcoffey@example.com
1019,Angela Jones,30,D,rebeccacastillo@example.org
1020,Kevin Shaffer,19,B,newmancathy@example.com
1021,Jill Barnes,27,E,deborah63@example.org
1022,James Bender,26,A,robertcaldwell@example.net
1023,Joshua Alexander,19,A,gsullivan@example.net
1024,John Anderson PhD,26,D,gallagherteresa@example.net
1025,Jessica James,21,E,natasha56@example.net
1026,Linda Sheppard,22,C,robertsoncrystal@example.com
1027,Sarah Evans,21,A,crawfordcorey@example.net
1028,Matthew Brown,21,B,qmason@example.net
1029,Brooke Martinez,30,D,scott64@example.com
1030,April Baker,22,D,brandi37@example.org
1031,Lisa Gross,23,F,btaylor@example.net
1032,Stacey Elliott,30,B,ajohnson@example.com
1033,Mr. Juan Wilson DDS,30,E,gonzalezamber@example.net
1034,Anita Burke,21,E,derek81@example.net
1035,Richard Adams,21,B,briannawillis@example.org
1036,Michael Rice,18,E,popeterri@example.net
1037,Kimberly Bowers,26,C,karenhernandez@example.org
1038,Nicole Mitchell,28,B,melissa67@example.com
1039,Douglas Palmer,23,D,andrewsandoval@example.com
1040,Calvin Green,25,B,ykerr@example.org
1041,Gregory Murphy,22,E,robertcollins@example.com
1042,Evan Moran,24,A,jenniferhunter@example.org
1043,Stephanie Wright,22,B,rachelwilkerson@example.com
1044,Shawn Nguyen,23,C,moralesjames@example.com
1045,Kathy Walker,22,C,julie74@example.org
1046,Deborah Taylor,19,A,fernandezchristopher@example.net
1047,Mark Clayton,19,C,richardhawkins@example.com
1048,Michael Stewart,25,F,daniellerivera@example.net
1049,Mallory Sellers,25,F,mcintyreandrew@example.org
1050,Laurie Cochran,27,F,crawfordpaula@example.net
1051,Samuel Franco,29,F,phillipsernest@example.com
1052,Jessica Evans,18,A,eugenejackson@example.org
1053,Willie Goodman,30,D,christine12@example.org
1054,Michael Parker,27,F,vincentgriffin@example.com
1055,Michael Williams,22,B,georgemichael@example.org
1056,Jacob Rodriguez,22,E,ufox@example.com
1057,Ronald Watkins,26,A,mary68@example.org
1058,Mr. Kyle Sanchez Jr.,22,F,charleslopez@example.org
1059,Lisa Munoz,24,D,gregory97@example.org
1060,Brian Sweeney,21,C,john03@example.net
1061,Keith Foster,20,F,michael67@example.net
1062,George Lynn,18,A,jeffreyfisher@example.com
1063,Zoe Kennedy,25,A,urussell@example.net
1064,Howard Smith,21,B,wardtimothy@example.com
1065,Michael Young,20,C,kellythompson@example.net
1066,Jeremy Delacruz,30,A,fcohen@example.net
1067,Deborah Hood,28,B,bsims@example.com
1068,Alexander Maddox,21,E,mbeard@example.com
1069,Elizabeth Stokes,28,F,jacquelinetorres@example.com
1070,Scott Chapman,23,A,thomasjacob@example.net
1071,Kenneth Lloyd,27,A,jose40@example.net
1072,Belinda Werner,21,F,wesley51@example.com
1073,Jesse Patton,19,B,penamelinda@example.org
1074,Morgan Lee,25,C,fwilliams@example.net
1075,Johnny Sanders,27,F,spencerchristopher@example.com
1076,Gabriel White,23,D,opalmer@example.net
1077,Jose Foster,25,C,scottsmith@example.org
1078,Dylan Quinn,25,A,anthony83@example.com
1079,Edward Gutierrez,19,B,larsendavid@example.net
1080,Courtney Stanley,26,D,nwilliams@example.org
1081,Joseph Mccoy,23,B,rittermichael@example.org
1082,Christopher Ramirez,21,E,robertoneill@example.net
1083,Bob Robinson,29,B,lindseygrimes@example.net
1084,Stephen Leonard,20,E,george80@example.net
1085,Angela Ford,22,C,charles26@example.net
1086,Tanya Gomez,30,B,paynemaurice@example.com
1087,Leslie Byrd,29,A,dana63@example.org
1088,Lisa Sanchez,18,D,mitchellmorris@example.org
1089,Lauren Webb,21,B,juan87@example.net
1090,Cheryl Horton,20,B,jsmith@example.org
1091,Steven Harvey,29,D,xmoore@example.net
1092,Monica Hunt,20,E,joannabuchanan@example.net
1093,Cindy Fuller,25,E,amandaphelps@example.org
1094,Rachel Bridges,20,C,charles89@example.net
1095,Carla Waller,27,B,vmahoney@example.com
1096,Derek Colon,20,C,kenneth53@example.com
1097,Christopher Holder,25,C,isantana@example.org
1098,Anna Newton MD,27,A,smithlindsay@example.net
1099,Frank Farrell Jr.,26,A,james40@example.org
1100,Jacob White,18,B,wschneider@example.org
1101,Timothy Evans,29,A,hilllorraine@example.com
1102,Christopher Howe,18,E,vincentjessica@example.org
1103,Jonathan Walker,19,E,bmartinez@example.net
1104,Vanessa Yoder,21,A,mmiller@example.com
1105,Denise Roberson,22,D,brightjessica@example.org
1106,Sarah Robbins DDS,21,C,brownjason@example.org
1107,Daniel Lopez,24,F,grosssavannah@example.com
1108,Hannah Smith,18,D,luke89@example.net
1109,Michael Mcdaniel,25,A,tcrawford@example.org
1110,Mrs. Amy Shepherd,19,E,xcordova@example.org
1111,Justin Chandler,19,A,michaelingram@example.org
1112,Allison Valdez,26,E,cunninghamjoseph@example.net
1113,William Henson,21,F,victoria77@example.org
1114,Matthew Haynes,19,B,alexsanchez@example.com
1115,Curtis Ponce,27,B,briannahughes@example.net
1116,Oscar Coleman,19,F,karenwilliams@example.org
1117,Carly Clayton,26,D,adrian91@example.com
1118,Caitlin Henderson,19,C,boydcurtis@example.com
1119,Troy Morton,25,F,emedina@example.net
1120,Ashley Wallace,25,B,fostermichelle@example.com
1121,Ann Rasmussen,28,E,rodriguezdavid@example.net
1122,Seth Molina,22,E,johnparker@example.net
1123,Amanda Wilson,28,F,matthew32@example.org
1124,Darren Moran,24,C,pachecoangela@example.org
1125,Ellen Mcgrath,30,A,taylorjessica@example.org
1126,Emily Valentine,22,F,sheila05@example.net
1127,Mary Martinez,24,F,carolynleonard@example.com
1128,Daniel Garcia,23,B,phamelizabeth@example.org
1129,Rebecca Campbell,28,A,tranjohn@example.org
1130,Kimberly Jimenez,18,F,annettemoore@example.com
1131,Holly Orozco,18,B,larryburke@example.com
1132,Tracey Warren,29,A,amy11@example.org
1133,Mark Garcia,25,F,jamesbaker@example.net
1134,Randy Gonzalez,23,B,melissa16@example.org
1135,Eric Hayes,29,D,hatfieldjay@example.com
1136,Cheyenne Mills,26,C,craigparker@example.net
1137,Aaron Daniels,19,A,kathryn60@example.com
1138,Marie Edwards,26,F,ewallace@example.org
1139,Barbara Perez,21,C,elee@example.org
1140,Brian Butler,21,D,allisonmcmahon@example.com
1141,Kim Terry,23,E,brownchristopher@example.net
1142,Cynthia Hubbard,23,E,lindsey76@example.com
1143,Connie Thomas,18,C,dianehansen@example.org
1144,Justin Smith,23,D,hodgeshawn@example.net
1145,Priscilla Armstrong,29,B,jcoleman@example.com
1146,Nicholas Castaneda,26,B,joy94@example.com
1147,Danny Harrison,22,A,rachel93@example.net
1148,Emily Price,23,D,martinryan@example.net
1149,Julie Cooke,20,F,jacob52@example.net
1150,Brian Li,21,C,anthonypowers@example.com
1151,Carmen Gonzalez,22,F,emily58@example.net
1152,James Jenkins,25,C,omclaughlin@example.net
1153,Jill Smith,29,B,dmcdonald@example.org
1154,Austin Peterson,29,D,csilva@example.com
1155,Mrs. Alexandra Perkins,25,D,jonesbecky@example.net
1156,Richard Smith,30,F,francesarcher@example.org
1157,Alice Hawkins,21,E,stevenroberts@example.org
1158,Joshua Brown,19,B,ashleyphillips@example.org
1159,Holly Greene,29,F,brownkenneth@example.com
1160,Donna Rice,29,C,lwise@example.net
1161,Brandon Beltran,27,F,wwatson@example.org
1162,Paul Benson,25,B,lhudson@example.com
1163,Michael Jensen,30,D,atodd@example.net
1164,Brian Smith,22,A,anna16@example.net
1165,John Clark,27,A,scott78@example.org
1166,Katherine Bridges MD,28,D,sweeneyvictoria@example.com
1167,Jimmy Cantrell,20,C,mmartinez@example.org
1168,Andrew Everett,29,D,morgankim@example.net
1169,Leroy Rojas MD,27,C,icastro@example.net
1170,Gerald Levy,18,E,msimmons@example.org
1171,Lisa Dunn,30,F,harrissusan@example.net
1172,Jody Duke,23,A,chamberssharon@example.com
1173,Alison Martin,25,B,grahamcourtney@example.org
1174,Ryan Russell,19,B,christopher03@example.net
1175,Lorraine Morales,30,E,alejandraroberts@example.org
1176,Erica James,25,F,andersonamy@example.com
1177,Mary Mays,20,C,stacey55@example.net
1178,Cameron Haley,30,C,phurley@example.net
1179,Austin Copeland,26,E,robertssue@example.org
1180,Michelle Lambert,19,D,jameskelly@example.com
1181,Alexandra Leonard,21,C,justin06@example.org
1182,Caroline Tucker,29,B,xburch@example.com
1183,Bill Rodriguez,22,F,pyork@example.com
1184,Diana Williams,26,A,jennifermata@example.com
1185,Bailey Flowers,20,A,mlamb@example.org
1186,Jacob Escobar,19,D,michele08@example.org
1187,Stephanie Johnson,24,D,jared86@example.com
1188,Jeremy Smith,28,A,manuel70@example.net
1189,Debra Wells,28,E,michael29@example.org
1190,Hannah Hernandez,20,B,jenniferbrock@example.org
1191,Shannon Henderson DVM,28,F,shawn59@example.org
1192,Jacob Randolph,29,E,ijones@example.net
1193,Gabriella Elliott,24,F,audrey39@example.org
1194,Mary Gibbs,18,B,poolelorraine@example.net
1195,Mark Irwin,29,A,vfarmer@example.net
1196,Julie Williams,30,F,avilarichard@example.net
1197,Aaron Murphy,28,E,hfuentes@example.org
1198,Toni Garcia,24,A,cobbkevin@example.org
1199,Scott Reynolds,18,A,walkershannon@example.net
1200,Matthew Brown,20,D,kthomas@example.org
1201,Nancy Richards,29,B,thomasholly@example.org
1202,Mr. Bruce Burke Jr.,20,E,bobgraves@example.org
1203,Jeffrey Rivers,18,B,douglaschristopher@example.org
1204,Stephanie Smith,27,D,daniel93@example.net
1205,Tammy Atkins,26,C,lleonard@example.com
1206,Shelley Powers,29,D,qduffy@example.org
1207,Joshua Soto,21,F,jonathan40@example.net
1208,Thomas Kelly,18,A,sbradford@example.com
1209,Elizabeth Greene MD,18,B,ogallagher@example.net
1210,Edward Fisher,18,D,jill62@example.com
1211,Jessica Stevens,25,A,david14@example.org
1212,Michelle Walker,27,D,mhull@example.net
1213,Chris Keith,24,A,peter81@example.org
1214,Jenna Martinez,29,C,bobby66@example.org
1215,George Gonzalez,23,A,ryan28@example.net
1216,Kayla Stewart,20,F,tcarter@example.org
1217,Paul Harris,29,B,diazmark@example.com
1218,Dr. Dawn Jacobson,24,F,kristina22@example.org
1219,Stephen Wall,19,C,john36@example.com
1220,Michelle Morgan,20,F,teresa33@example.net
1221,Brianna Abbott,29,A,sbrown@example.org
1222,James Sanchez,28,F,kelseycastillo@example.net
1223,Steven Hart,28,C,williamscott@example.org
1224,Trevor Manning,20,E,darren77@example.com
1225,Heidi Velazquez,24,C,andersonautumn@example.org
1226,Cynthia Espinoza,26,D,gabriel20@example.net
1227,Rebecca Rivera,28,E,ashleywilliams@example.org
1228,James Parks,25,B,james24@example.com
1229,Harold Roberts,18,E,sosabenjamin@example.org
1230,Brett Valdez,29,A,lisahines@example.net
1231,Greg Jensen,30,E,joseph92@example.com
1232,Ricky Walsh,26,D,navarropaige@example.com
1233,Kelly Lee,27,D,edavis@example.net
1234,Sean Nguyen,30,A,westkevin@example.org
1235,Kimberly Blanchard,26,C,qallison@example.org
1236,Deborah Stark,23,D,susan32@example.com
1237,Michael Gomez,30,D,daniel18@example.com
1238,Mary Watkins,28,E,melissa60@example.org
1239,Mary Fisher,19,A,riosanthony@example.com
1240,Jasmine Jackson,27,E,briannasutton@example.net
1241,Derek Campos,18,E,adam56@example.org
1242,Stefanie Lee,26,D,smithkathryn@example.com
1243,Regina Manning,20,C,codygraham@example.org
1244,James Harding,19,E,nblair@example.net
1245,Sheila Reid,29,F,darlene13@example.com
1246,Heather Harrison,22,B,zevans@example.com
1247,Kenneth Snyder,26,D,rperez@example.com
1248,Michael Howard MD,25,C,lmiller@example.org
1249,Keith Lee,23,C,sgray@example.net
1250,Robert Brown,23,A,cperez@example.com
1251,Emily Phillips,29,F,jdavis@example.org
1252,Justin Patton,19,E,leekimberly@example.net
1253,Daniel Hart,26,B,hughestammy@example.org
1254,Darren Holt,28,E,tyler84@example.org
1255,Linda Schultz,29,B,meyersadam@example.org
1256,Michael White,25,F,stevensonadam@example.com
1257,Joseph Robinson,30,B,vincent34@example.com
1258,William Lopez,19,D,margaretgraham@example.net
1259,Janet Brown,24,F,franklinisaac@example.net
1260,Steven Bailey,22,B,heidi74@example.com
1261,Daniel Middleton,22,B,michaelcole@example.org
1262,Victoria Jacobs,24,A,madisonwhite@example.net
1263,Suzanne Giles,23,D,christopherwhitehead@example.org
1264,Michael Scott,25,E,vkelly@example.com
1265,James Leonard,19,D,kylemendez@example.org
1266,Marcia Blair,30,D,donald22@example.org
1267,Bryan Jackson,30,F,fandrews@example.com
1268,Samuel Schwartz,22,F,eric39@example.com
1269,David Edwards,28,F,preston41@example.org
1270,Richard Patterson,25,D,lynnmartin@example.org
1271,Brittany Mills,22,F,gentryernest@example.net
1272,Joanna Bryant,18,F,hannah62@example.com
1273,Christopher Parker,19,C,karen80@example.org
1274,Jeffrey Flores,21,E,christopherrobertson@example.net
1275,Amanda Davis,28,A,wilsontamara@example.com
1276,Andre Obrien,30,B,randerson@example.org
1277,Christine Dalton,21,A,xdiaz@example.org
1278,Marilyn Berger,18,F,mcdonaldlindsay@example.org
1279,Wayne Dixon,25,D,marciawhitaker@example.org
1280,Scott Myers,19,B,joseph10@example.com
1281,Dale Roy,18,B,hensonhannah@example.com
1282,Michelle Myers,25,A,ydaniels@example.com
1283,Patricia Aguilar,28,A,unelson@example.org
1284,Ryan Bonilla,19,C,jacquelinemoreno@example.net
1285,Steven Fuller,29,B,daniel53@example.org
1286,Daniel Johnson,20,D,carolynwarner@example.net
1287,Carlos Lang,28,E,daynatalie@example.com
1288,William Hill,23,D,troybrown@example.com
1289,Steven Richards,26,C,jessica68@example.org
1290,Michael Vega,21,C,esolis@example.net
1291,Briana Allen,28,D,gonzalezmichael@example.com
1292,William Reed,18,A,john95@example.net
1293,Michael Coleman,24,D,joelreeves@example.net
1294,Michele Williams,23,B,stephanielawson@example.org
1295,Allison Vargas,20,E,glennpruitt@example.net
1296,Emily Buck,24,F,garciabrandi@example.com
1297,Rebecca Randolph,27,C,richardsonandrew@example.net
1298,David Collins,23,B,ctorres@example.com
1299,Jeremy Castillo,24,A,mark13@example.org
1300,Vanessa Alexander,20,B,ksmith@example.net
1301,Steven Myers,19,A,gowen@example.org
1302,Erik Martin,24,B,matthewsanders@example.net
1303,Mary Weaver,19,D,barnesjeremiah@example.org
1304,John Stephens DDS,25,F,mahoneybrian@example.com
1305,Nichole Spencer,19,E,deanedward@example.org
1306,Timothy Benton,24,A,houseashley@example.net
1307,Jeffrey Howard,27,D,thomasjackson@example.net
1308,Brooke Howard,25,E,coreywarren@example.com
1309,Lisa Campbell,25,A,tiffanysanchez@example.net
1310,Jared Kline,22,E,grobertson@example.org
1311,Dave Norris,22,E,donald96@example.com
1312,Philip Watkins,28,E,jameslee@example.org
1313,Elizabeth Day,25,F,robin63@example.net
1314,Curtis Montgomery,24,D,mfletcher@example.com
1315,Sarah Marquez,23,A,juliejohnson@example.net
1316,Scott Tyler,23,C,hilljustin@example.com
1317,Matthew Kelly,28,A,dwalker@example.org
1318,Isabella Pope,29,E,parkerjerry@example.net
1319,Frederick Hanson,27,F,jennifer81@example.net
1320,Cheryl Brown,27,B,antonio82@example.com
1321,Jeffrey Watson,21,D,xmitchell@example.org
1322,Courtney Wright,30,A,kmcmahon@example.org
1323,Julie Shepherd,27,D,dhester@example.org
1324,James Jones,30,E,mlewis@example.net
1325,Kathy Jimenez,18,D,bonniegreen@example.com
1326,Samuel Adams,18,A,ashley06@example.com
1327,Samantha Ross,22,A,robert53@example.net
1328,John Anderson,18,D,hendersoncynthia@example.net
1329,Adam Buck,22,D,rebecca26@example.net
1330,Sara Hutchinson,22,F,catherine39@example.org
1331,Susan Morris,23,B,hamiltonadam@example.net
1332,David Martinez,23,F,chouston@example.net
1333,Jason Brown,24,E,ericbishop@example.org
1334,Jodi Montgomery,25,F,gonzalezsara@example.org
1335,Lynn Sampson,30,C,orrmark@example.net
1336,Dillon Shepherd,28,F,samanthazamora@example.com
1337,Patricia Green,22,F,zrogers@example.com
1338,Joseph Henry,28,F,sarah84@example.com
1339,Meghan Hunt,18,A,austin58@example.net
1340,Amanda Lewis,23,B,barbara30@example.com
1341,Aaron Rodriguez,24,F,rknapp@example.org
1342,Theresa Collins,18,C,rickey20@example.com
1343,William Lopez,23,C,destinykirby@example.net
1344,James Harmon,28,F,shermankrystal@example.net
1345,Robert Mcbride,30,E,benjamingreen@example.com
1346,Cesar Martin,22,C,sarahadams@example.net
1347,Misty Watson,19,C,lindaford@example.org
1348,Samuel Garcia,23,A,lisa29@example.org
1349,Jessica Weber,27,F,billyrodriguez@example.net
1350,Mary Johnson,24,A,hudsonandrea@example.org
1351,Michelle Simmons,25,B,hmartin@example.com
1352,Kimberly Chavez,29,D,thomasadam@example.net
1353,Rebecca Rodriguez,26,B,maurice18@example.org
1354,Jessica Zamora,19,E,thomas41@example.net
1355,Sarah Howard,21,F,amoore@example.com
1356,Pamela Tran,23,E,ygrant@example.com
1357,Thomas Davis,20,D,ngilbert@example.com
1358,Lori Blake,29,A,jmcbride@example.org
1359,Mary Peterson,23,F,yyoder@example.net
1360,Debra Mccall,23,E,thomasharry@example.net
1361,Spencer Ramirez,29,E,paulwebb@example.net
1362,Stacy Gaines,20,C,ivasquez@example.com
1363,Rebecca Miller,20,E,lcalderon@example.net
1364,Samantha Johnson,30,B,rnguyen@example.net
1365,John Brown,23,E,juliecervantes@example.org
1366,William Porter,30,C,josephharding@example.net
1367,Laura Roy,25,B,susancollins@example.net
1368,Christian Austin,24,E,debbiefrench@example.org
1369,Walter Kennedy,28,B,peterbell@example.net
1370,Sue Rogers,23,C,rodriguezlisa@example.com
1371,Adam Donovan,29,A,hmiller@example.com
1372,Nicholas Allen,18,C,johnguzman@example.com
1373,Ryan Gibson,24,D,donald10@example.org
1374,Hannah Kline,30,F,ashley87@example.net
1375,Debra Jones,21,B,anthonyfigueroa@example.org
1376,Joseph Robinson,25,C,hernandezcynthia@example.net
1377,Amy Marshall,29,F,turnerelizabeth@example.net
1378,Monica Shields,27,B,xpaul@example.org
1379,Sharon Shaffer,26,D,ktrujillo@example.com
1380,Christopher White,24,E,tuckersteven@example.com
1381,Janice Peterson,22,E,arussell@example.org
1382,Frances Arellano,24,F,annameyer@example.com
1383,Stephanie Benson,23,B,nixonjustin@example.com
1384,Luis Mitchell,20,F,karen48@example.com
1385,Shannon Carter,23,C,timothysmith@example.net
1386,Caitlin Brown,22,E,joseph43@example.com
1387,Hannah Wheeler,29,D,justinochoa@example.net
1388,Cody Bowers,22,D,wmcguire@example.org
1389,Rodney Smith,22,E,melissawhite@example.org
1390,Michael Mcdaniel,26,A,douglasmorales@example.com
1391,Keith Russell,26,F,spencerjonathan@example.org
1392,Mariah Mitchell,25,C,vrichardson@example.org
1393,Kim Bell,21,F,monicachan@example.net
1394,Kevin Rivera,25,E,ktate@example.net
1395,Gregory Williamson,20,D,alishawilson@example.com
1396,Vanessa Schaefer,23,F,ryancain@example.com
1397,Mrs. Angela Jones,25,F,donnalarson@example.com
1398,Chad Martinez,29,E,lucasamanda@example.com
1399,Alex Harrell,30,E,michael63@example.org
1400,Christopher Lee,29,C,davidpearson@example.net
1401,Joshua Ramirez,29,D,pamelajohnson@example.com
1402,Francisco Wilkerson,25,A,hrivera@example.net
1403,Ashley Wright,30,C,hdavis@example.org
1404,Jonathan Wallace,25,B,david74@example.com
1405,Scott Garcia,26,C,roberto35@example.com
1406,Megan Luna,24,E,gbarnes@example.org
1407,Sonia Holt,28,C,frostmathew@example.org
1408,Ryan Edwards,27,D,bbryant@example.com
1409,Latoya Miller,21,D,mclaughlinedwin@example.com
1410,Stephanie Bennett,25,E,randylopez@example.org
1411,Cassandra Cannon,24,B,jamesclark@example.net
1412,Brooke White,23,F,melissadillon@example.net
1413,Melinda Lewis,26,F,michellelee@example.org
1414,Glenda Gonzalez,24,A,angelwebb@example.com
1415,Frank Barrett,20,D,raymond88@example.com
1416,John Mcdonald MD,25,C,cmcneil@example.com
1417,Travis Morse,18,A,kristen59@example.org
1418,Matthew Wood,26,C,alicia05@example.org
1419,Christopher Carroll,18,F,kfarmer@example.com
1420,Jonathan Cook,25,E,simpsonbrenda@example.org
1421,Carlos Martin,30,D,carla45@example.com
1422,Sean Rivera Jr.,18,D,ronaldhodges@example.com
1423,Johnny Richard,23,F,robertsonnicole@example.org
1424,Antonio Velez,29,C,andrewle@example.org
1425,Nicholas Brown,23,C,josephsanchez@example.net
1426,Dawn Washington,19,F,simpsoncathy@example.net
1427,Jason Allen,23,A,carla00@example.com
1428,Ryan Jimenez,24,E,erin89@example.net
1429,Linda Stein,20,B,patrickjackson@example.net
1430,Randy Skinner,26,A,akelly@example.com
1431,Jessica Keller,18,F,steven79@example.net
1432,Tanner Pierce,30,E,esnyder@example.org
1433,Mr. Tyler Wood,20,F,sonia15@example.net
1434,Tracy Patterson,22,F,higginscatherine@example.org
1435,Brandon Chavez,29,A,fclayton@example.net
1436,Linda Johnson,25,A,tristan42@example.org
1437,Emma Taylor DDS,21,F,monica35@example.org
1438,Anthony Bowen,26,D,daguilar@example.org
1439,David Henry,19,B,ahines@example.org
1440,James Jackson,23,F,sarah94@example.org
1441,Leslie Cole,21,B,williamssamantha@example.org
1442,Michelle Weber DDS,21,A,daviserik@example.com
1443,Matthew Haney,30,B,barrheidi@example.org
1444,Stephanie Fry,19,E,roger67@example.org
1445,Larry Watson,25,A,mpatton@example.org
1446,Sharon Lyons,27,F,stacey76@example.com
1447,Crystal Sampson,25,E,mdaniels@example.net
1448,Tammy Clark,19,C,grodriguez@example.com
1449,Timothy Torres,27,A,masoncameron@example.com
1450,David Sanders,25,B,andrehuerta@example.com
1451,Christopher Fox,25,A,wolfekyle@example.net
1452,Hannah Ray,26,B,velasquezhannah@example.org
1453,Garrett Abbott,30,C,sanchezdebra@example.org
1454,Justin Hardin,20,F,kennedybenjamin@example.org
1455,Lynn Taylor,30,E,christinaharris@example.net
1456,Sharon Thomas,24,A,joe87@example.com
1457,Eric Perez,27,F,dixonfrank@example.org
1458,Marie Flores,30,D,logansanders@example.com
1459,Glenn Baldwin,24,C,donald88@example.net
1460,Thomas Schwartz,29,E,mooredavid@example.com
1461,Amber Marshall,18,C,dballard@example.org
1462,Rebecca Fitzpatrick,26,A,jeremiah96@example.net
1463,David Flynn,30,C,progers@example.com
1464,Lisa Logan,18,F,robincarter@example.org
1465,Christopher Green,29,C,jo44@example.org
1466,Grace Woods,30,F,anthonykelly@example.com
1467,Randall Blackburn,22,A,ywright@example.org
1468,Thomas Green,19,A,patelmichael@example.net
1469,Duane Murphy,30,C,lrussell@example.com
1470,Jeffrey Riley,21,C,moralesjames@example.com
1471,Jason Taylor,23,F,tonyahawkins@example.org
1472,Scott Rivera,20,C,katherine83@example.org
1473,Todd Chavez,25,C,timothysullivan@example.org
1474,Scott Conner,25,C,leah64@example.org
1475,Jim Martinez,30,F,walshdanny@example.org
1476,Lauren Joseph,29,A,acollins@example.org
1477,Eric Ferguson,19,B,barnesdaniel@example.com
1478,Michael Delacruz,22,B,mthomas@example.com
1479,Victoria Wiggins,19,C,taylormanuel@example.net
1480,Robin Hall,20,C,dclark@example.net
1481,Julia Morgan,30,F,rebecca77@example.net
1482,Robert Shaw,27,B,wrightamanda@example.org
1483,Laura Brewer,21,B,nbarker@example.com
1484,Scott Thompson,19,C,kaylaburns@example.org
1485,Travis Bass,22,F,hcook@example.com
1486,Richard Fisher,24,A,browngabriel@example.net
1487,Michael Rojas,19,C,tiffanylong@example.org
1488,Hannah Blackburn,20,A,yvonne47@example.org
1489,James Garcia,26,E,lamstephen@example.org
1490,Kimberly Campbell,20,C,santosrobert@example.com
1491,Erica Martinez,23,A,smithjacob@example.com
1492,Nicole Brown,30,B,tschwartz@example.net
1493,Laura Pitts,21,F,fwarren@example.org
1494,Jonathan Ingram,23,E,sanchezbeth@example.net
1495,Raymond Cox,19,E,cherylwiley@example.com
1496,Laura Peters,27,A,clarkkimberly@example.org
1497,Alisha Jones,29,B,ycox@example.net
1498,Anthony Schwartz,22,A,hbarker@example.com
1499,Monica Young,23,D,suzanne03@example.net
1500,Kelly White,27,F,amason@example.com
1501,Tamara Rhodes,20,B,floydgregory@example.com
1502,Mark Moore,22,C,rebeccatrujillo@example.net
1503,Miss Lauren Ramsey DDS,24,B,franciscocooper@example.org
1504,Claudia Richards,29,F,estradarobert@example.org
1505,Steven Smith,22,D,mjohnson@example.com
1506,Meghan Kent,30,A,whobbs@example.org
1507,Mackenzie Cox,28,A,hayleyarias@example.com
1508,Jennifer Gonzalez,28,D,zcarter@example.org
1509,James Lang,30,D,brandonhorton@example.net
1510,Kristine Ramirez,27,F,ryan30@example.org
1511,Debra Cox,28,E,lmoore@example.com
1512,Austin Fitzpatrick,26,B,connerjasmin@example.com
1513,Cody Smith,27,F,devinallison@example.com
1514,Anthony Lin,18,D,linda32@example.net
1515,Jacqueline Alvarado,26,A,brianthomas@example.org
1516,Shelby Anderson,22,F,qpotter@example.com
1517,Michelle Dixon,24,D,bernardbrian@example.com
1518,Stephanie Cox,30,C,tranmarcia@example.com
1519,Jennifer Russell,30,C,elainewilliams@example.org
1520,Karen English,26,F,anthony67@example.org
1521,Robert Miller,30,E,deniserichardson@example.com
1522,David West,20,C,williamscaitlin@example.org
1523,Corey Wells,29,C,vbowen@example.com
1524,Dakota Cunningham,26,D,madisondiaz@example.net
1525,Stephanie Phillips,25,B,cbuchanan@example.net
1526,Shawna Stevens,26,E,kathleencollins@example.com
1527,Debra Salinas,27,E,davidhenry@example.net
1528,Jack Bell,29,F,ofigueroa@example.net
1529,Jerry Cunningham,21,B,uwells@example.org
1530,Lori Morrison,30,D,sgarcia@example.com
1531,Alexandra Gray,25,F,uhensley@example.org
1532,Sarah Harmon,29,F,michaelharvey@example.net
1533,Mindy Burton,18,C,nosborne@example.org
1534,Shannon Patterson,21,E,paulmiller@example.org
1535,Kirk Barber,18,E,mary32@example.org
1536,Brian Dillon,30,E,lambamy@example.net
1537,James Carroll,25,E,katelyn37@example.org
1538,Matthew Leonard,27,C,lmiller@example.net
1539,Mr. Brian Roberts,22,F,teresacarter@example.org
1540,Ebony Hansen,27,F,rgonzalez@example.net
1541,Kristin Ruiz,21,F,brittany31@example.com
1542,Laura Griffin,18,D,clinton59@example.org
1543,Kimberly Dawson,26,C,ithompson@example.org
1544,Valerie Webb,26,B,mgarcia@example.com
1545,Lisa Anderson,19,C,collinsandrew@example.org
1546,Tyler Bennett,18,B,nmartin@example.net
1547,Brian Rivera,25,D,rachaelsanders@example.net
1548,Jessica Rodriguez,27,A,douglas12@example.net
1549,Charles Winters,23,C,allenmoran@example.org
1550,Nicholas Riley,28,E,stephen05@example.org
1551,Ronnie Owen,18,F,james71@example.org
1552,Justin Ritter,27,E,lawrencekarl@example.org
1553,Jesse Lopez,18,C,dmcgrath@example.com
1554,Michele Ross,27,F,eestrada@example.net
1555,Valerie Walker,30,D,michael04@example.net
1556,Ann Romero,27,F,linda90@example.com
1557,Justin Davis,19,C,jasonvasquez@example.org
1558,Kristy Bailey,21,F,wharris@example.org
1559,Mr. Marcus Rush,25,A,carlos39@example.net
1560,Alexander Glover,30,C,fmason@example.org
1561,Nicole Mccormick,23,F,david83@example.net
1562,Christopher Jackson,21,A,ericwilson@example.com
1563,Tanner Harvey,19,E,cooksheila@example.com
1564,Randy Yang,24,E,owaller@example.org
1565,Brittney Allen,27,C,garycastillo@example.org
1566,Melissa Smith,18,B,brian01@example.org
1567,Ann Morgan DDS,21,C,jeffreyhernandez@example.com
1568,Anita Jones,26,A,ashley45@example.net
1569,Matthew Johnson,25,C,iedwards@example.net
1570,Brenda Shaffer,22,D,john37@example.net
1571,Kathryn Floyd,28,E,andersonjoshua@example.net
1572,Anita Moore,21,D,jamesbrown@example.org
1573,Mariah Soto,27,D,geoffrey26@example.net
1574,Stacy Garza,29,B,gdunn@example.com
1575,Sandy Richards,27,B,sarah48@example.net
1576,Thomas Booker,24,E,davismichele@example.org
1577,Karen Allen,21,C,awilliams@example.org
1578,Mrs. Terri Simmons DDS,21,C,mnelson@example.net
1579,James Floyd,28,F,wrogers@example.net
1580,Ryan Mullins,30,E,xmanning@example.net
1581,Wyatt Edwards,29,F,gooddavid@example.com
1582,Yolanda Ryan,18,F,ugomez@example.com
1583,Erica Johnson,20,E,sophia01@example.com
1584,Alyssa Hernandez,23,D,hansoncody@example.org
1585,Thomas Taylor,20,E,pwiggins@example.net
1586,Becky Greene,23,A,havery@example.com
1587,Brian Garrett,28,B,matthew40@example.net
1588,Ronald Conley,22,A,ibrock@example.org
1589,Shirley Kirk,21,E,georgeangela@example.net
1590,Ronald Andrews,23,F,terrellchristina@example.net
1591,Hunter Foley,27,C,iobrien@example.net
1592,Mr. Ruben Byrd,21,A,stevenleblanc@example.org
1593,Lori Ross,25,E,jaclynbriggs@example.org
1594,John Ross,29,C,jennifer22@example.org
1595,Robert Simmons,24,F,yolson@example.net
1596,Phillip Baker,30,B,tpowell@example.net
1597,Mercedes Green,29,B,gonzalezmaria@example.com
1598,Annette Garcia,25,A,brownashley@example.net
1599,Lori Powell,20,E,shawnkerr@example.com
1600,Gregory Figueroa,28,B,mcastillo@example.net
1601,James Rose,23,D,ejones@example.com
1602,Dr. Daniel Ferguson MD,25,D,randysmith@example.net
1603,Hailey Smith,19,C,burtonjames@example.org
1604,Tammy Brooks,23,C,peterskelly@example.org
1605,Regina Kelley,18,C,lroberson@example.net
1606,Christopher Johnson,19,F,lmarquez@example.com
1607,Elizabeth Smith,22,A,ernest57@example.net
1608,Barbara Shaw,28,B,angelawilliams@example.net
1609,Duane Jordan,18,B,karcher@example.org
1610,Andrew Martinez,20,F,aaronzhang@example.org
1611,Dustin Palmer,20,F,christopheredwards@example.com
1612,Samantha Vasquez,24,C,orobinson@example.org
1613,Christopher Leon,29,B,brownmaria@example.com
1614,Margaret Davis,25,C,jlee@example.net
1615,Kyle Villarreal,19,A,jillian71@example.net
1616,Adrian Mueller,25,C,thompsonrobin@example.net
1617,Stuart Lewis,27,E,hartelizabeth@example.org
1618,Christopher Lee,29,C,jeremylevy@example.net
1619,Ms. Donna Aguirre,25,C,alexanderlarry@example.com
1620,Kimberly Daniels,28,E,melanielopez@example.com
1621,Miguel Gardner,19,D,christinaroman@example.net
1622,Dustin Gonzalez,19,B,gailyoung@example.org
1623,Cory Manning,18,E,manuelrandolph@example.org
1624,Lynn Leon,27,E,wcrawford@example.net
1625,Jennifer Munoz,25,E,sheliajohnson@example.org
1626,Jeffrey Hall,22,A,carlos93@example.com
1627,Timothy Gomez,27,A,zstewart@example.net
1628,Jacob Chung,22,A,nancy08@example.com
1629,Mr. Ruben Jackson,30,A,jillhuff@example.net
1630,Julie Jones,29,A,danielblanchard@example.com
1631,John Barnes,27,A,andersonjennifer@example.org
1632,Samuel Potter,22,F,kirkjennifer@example.org
1633,Reginald Page,19,B,ramirezmaria@example.net
1634,Travis Young,24,B,wattssamuel@example.net
1635,Melody Brown,20,A,david97@example.com
1636,Linda Zimmerman,27,A,lwood@example.org
1637,Rhonda Tucker,18,E,julienguyen@example.net
1638,Jeffrey Ross,28,A,kathleentorres@example.net
1639,Ryan Estrada,30,D,alicia83@example.net
1640,Martin Coleman,18,A,cassandrabryan@example.org
1641,Charles Kline,26,F,thomasmontes@example.net
1642,Gerald Mason,18,B,smithbrian@example.org
1643,Whitney Rubio,23,A,jonesjennifer@example.net
1644,George Nguyen,30,E,ricejessica@example.org
1645,Megan Garcia,23,C,pauldenise@example.com
1646,Katrina Russell,27,F,kathleen63@example.net
1647,Danny Jackson,30,E,jenniferhill@example.com
1648,Joseph Ballard,26,F,sgardner@example.net
1649,John Gregory,19,D,cmendoza@example.org
1650,Eric Booker,27,A,davisvictoria@example.net
1651,Bradley Park DDS,19,C,kenneth67@example.com
1652,Anna Miller,21,C,julie78@example.com
1653,Joseph Bailey,22,C,rodriguezsheila@example.com
1654,Ralph Reed,21,B,sandovalkathy@example.org
1655,Meagan Luna,20,E,nhunter@example.net
1656,Kyle Hines,29,B,lynchtammy@example.com
1657,Dr. Charles Davis,27,F,nicole35@example.org
1658,Michael Daniels,24,A,summerpatel@example.net
1659,Daniel Weaver,19,B,erica18@example.net
1660,William Callahan,27,A,heidiking@example.com
1661,Amy Rush,22,E,brookeruiz@example.com
1662,Theresa Jennings,29,B,kellypeter@example.org
1663,Philip Warren,25,B,robertsonmichael@example.org
1664,Shannon Cabrera,24,E,elara@example.com
1665,James Walsh,20,B,michellealexander@example.org
1666,Amy Wilkinson,26,C,jameswendy@example.org
1667,Vincent Hughes,22,D,smithbarbara@example.com
1668,Steven Hill,23,B,swilson@example.org
1669,Jeff Wright,18,A,petersonkathleen@example.org
1670,Ronald Murphy,20,B,shuber@example.net
1671,Brian Lloyd,19,F,kayla45@example.net
1672,Edward Dunn,19,D,rhughes@example.net
1673,Rebecca Sanchez,29,D,kelleychristina@example.com
1674,David Goodman,27,F,jeffreypotter@example.org
1675,Vanessa Melton,24,A,randymartin@example.com
1676,Michael Bridges,24,F,wellsmichael@example.net
1677,Timothy Hunter,24,C,hogandarin@example.com
1678,Christopher Harris,19,A,johnhill@example.com
1679,Phillip Smith,29,C,sullivancindy@example.org
1680,Molly Hines,27,E,moorepamela@example.net
1681,Erika Ramos,18,A,xsmith@example.com
1682,Nathan Brown,30,D,edwardyoung@example.org
1683,Justin Stone,19,B,andersonjohn@example.net
1684,Leslie Miranda,29,E,shelleybean@example.org
1685,Harold Gonzales,29,E,rileycooley@example.com
1686,Shane Nunez,21,D,cassandra51@example.org
1687,John Garcia,19,B,maria49@example.org
1688,Calvin Snow,26,D,hayesmary@example.net
1689,Patricia Rodriguez,26,F,natashafigueroa@example.org
1690,Paul Blake,23,D,fmarshall@example.net
1691,Lance Soto,29,C,frankcarrillo@example.com
1692,Shelly Smith,25,D,johnreese@example.org
1693,Mr. Jeffrey Cook,30,D,matthewfrank@example.org
1694,Sarah Jones,20,D,kirkcharles@example.net
1695,Patrick Deleon,26,D,annaodonnell@example.org
1696,Shelley George,27,E,sarahcollins@example.net
1697,Amy Williams,22,A,ewilliams@example.com
1698,William Evans,18,D,ygilbert@example.net
1699,Shannon Estrada,18,C,dadams@example.net
1700,Mindy Warren,30,A,amanda62@example.org
1701,Jonathan Gilbert,24,E,campbellchristina@example.com
1702,Phillip Braun,24,D,lowekaren@example.net
1703,Wendy Rose,29,A,gonzalezkenneth@example.org
1704,Ronnie Kane,21,E,holly64@example.org
1705,Nicole Buchanan,20,D,tdoyle@example.net
1706,Justin James,29,A,valdezdavid@example.net
1707,Danielle Parks,24,E,phelpscarol@example.org
1708,Noah Campbell,19,A,johnsonjames@example.org
1709,Kenneth Cameron,26,F,oburton@example.net
1710,Rhonda Brown,19,B,hjohnson@example.net
1711,Ryan Stark,29,B,bradley90@example.com
1712,Vincent Gonzales,27,B,randy09@example.com
1713,Jennifer Garrett MD,27,D,amy71@example.net
1714,Heather Evans,29,B,gpierce@example.com
1715,Emily Lawson,30,A,sherylreed@example.net
1716,Jason Jones,21,D,marcus89@example.org
1717,Geoffrey Jackson,22,B,paula83@example.org
1718,Breanna Robbins,26,F,erodriguez@example.com
1719,Jon Cook Jr.,22,E,pstephens@example.net
1720,Dana Rhodes,25,F,changmegan@example.com
1721,Laura Campbell,20,B,amandagarcia@example.com
1722,Kathryn Wilkins,28,A,shunt@example.com
1723,Lisa Zuniga,24,F,alex34@example.com
1724,Lori Stone,28,A,derekhernandez@example.net
1725,Shane Lowe,28,C,jordanrobert@example.com
1726,Kathleen Martin,27,E,johnsonhannah@example.org
1727,Joseph Owens,29,B,pachecomargaret@example.net
1728,Michael Smith,30,B,davidwalker@example.org
1729,Kristin Campos,29,C,miguel04@example.org
1730,Julia Harmon,23,F,lisajones@example.com
1731,Alan Roth,30,E,gonzalezbrandon@example.com
1732,William Ward,27,A,bmiles@example.net
1733,Amanda Wiggins,26,C,christopher56@example.org
1734,Tina Harris,21,F,michael50@example.net
1735,John Paul,25,C,matthew28@example.net
1736,Stacey Lucero,29,E,darlene16@example.net
1737,Christopher Sloan,22,C,kenneth43@example.net
1738,Lisa Ramos,24,A,wevans@example.org
1739,James Perkins,23,C,zcooper@example.org
1740,Katrina Hernandez,24,A,michellehoffman@example.net
1741,Dylan Jackson,22,E,anthonyhart@example.org
1742,Ryan Lambert,26,B,jcowan@example.org
1743,Mike Oconnor,28,C,johnhall@example.net
1744,Pamela Edwards,20,E,crystalacosta@example.net
1745,Vincent Fisher,18,A,priceamanda@example.com
1746,Denise Gates,23,D,mary93@example.com
1747,Karen Andrade,20,B,fhenderson@example.net
1748,Clarence Williams,18,C,andreacampbell@example.org
1749,Nicole Preston,30,F,andrew96@example.org
1750,James Johnson,27,C,jasonturner@example.org
1751,Tiffany Hansen,25,A,holly96@example.org
1752,Julia Anderson,23,D,mckinneykathleen@example.net
1753,William Thomas,19,D,bellkaren@example.com
1754,Christian Terry,21,C,christy19@example.net
1755,Christopher Delacruz,22,F,srobinson@example.org
1756,Amy Callahan,26,B,hodgesrobin@example.net
1757,Kevin Ford,25,B,cameronjames@example.net
1758,Destiny Nguyen,26,B,christopher65@example.org
1759,Dennis Cameron,22,E,mirandagonzales@example.net
1760,Ryan Castro,29,E,andrewhale@example.org
1761,Lisa Myers,27,A,simpsonnorma@example.net
1762,Amanda Bonilla,24,C,johnrowe@example.com
1763,Jodi Fitzgerald,19,B,tammythompson@example.org
1764,Matthew Chase,28,D,lewiskenneth@example.com
1765,Daniel Cobb,29,B,antonio55@example.net
1766,Eduardo Bailey,23,A,nbird@example.com
1767,Scott Blanchard,27,A,brewerheather@example.org
1768,Pedro Mason,23,D,ashley98@example.org
1769,Karen Cox,18,A,qmanning@example.org
1770,Dalton Sanders,20,D,kathleen29@example.com
1771,Morgan Hodge,27,D,davismegan@example.org
1772,Amy Powell,26,A,kruegerraymond@example.net
1773,Nancy Hunter,28,E,katherinecole@example.org
1774,Chad Henderson,26,E,ppratt@example.net
1775,Tyler Hurley,20,C,rebecca25@example.com
1776,Joseph Jones,27,F,vsmith@example.com
1777,Olivia Price,18,D,cameronsalazar@example.net
1778,Marvin Harris,21,A,jennifer02@example.net
1779,Kimberly Hopkins,29,C,mariafisher@example.com
1780,Stephen Sims,20,B,fphillips@example.org
1781,James Summers,18,F,reneemills@example.org
1782,Latasha Griffin,25,D,bbrown@example.net
1783,John Shaw,21,D,hernandezjoshua@example.org
1784,Jordan Chen,28,E,qroberts@example.com
1785,Adrian Oliver,23,E,janetsimpson@example.org
1786,Trevor Ramos,20,F,samantha15@example.com
1787,Eddie Gamble,22,B,christina28@example.net
1788,Thomas Underwood,18,B,williamcollins@example.com
1789,Thomas Davenport,22,A,olsenjohn@example.com
1790,Amber Palmer,28,C,jessica70@example.net
1791,Susan Wells,18,F,tyler03@example.com
1792,Johnathan Gonzalez,21,F,jdaugherty@example.net
1793,Angela Gonzalez,23,C,ifowler@example.net
1794,Grace Harper,23,E,andreasimon@example.org
1795,Melissa Austin,18,A,hobbsjessica@example.com
1796,Jonathan Williams,20,F,collinsanna@example.org
1797,Ryan Simpson,27,F,russojames@example.org
1798,Tonya White,19,B,jensenantonio@example.net
1799,Ruth Conrad,26,D,shopkins@example.org
1800,Erik Gonzales,25,B,dawn51@example.org
1801,Jimmy Campbell,30,D,lmeyers@example.net
1802,Nicholas Brewer,29,F,barryjason@example.org
1803,Lori Marshall,28,C,mooreshannon@example.net
1804,Kara Olsen,29,E,kristinemorales@example.org
1805,Jacob Wright,28,A,ortizchristine@example.org
1806,Gregory Allen,27,C,llopez@example.com
1807,Cheryl Jackson,18,C,hmarshall@example.net
1808,April Bishop,19,F,xwalls@example.net
1809,Gina Nixon,19,C,paul13@example.com
1810,Ann Mosley,25,A,dukeadrian@example.net
1811,Amy Mitchell,26,C,ebrady@example.org
1812,John Stein,30,D,josephrogers@example.com
1813,Christopher Evans,20,A,jamesconner@example.net
1814,Kelly Barnes,18,A,mccoyannette@example.com
1815,Tiffany Johnson,22,E,johnsonalexander@example.org
1816,Philip Sullivan,26,E,jwilliams@example.com
1817,Crystal Perez,20,B,margaretwalls@example.com
1818,Jose Baker,22,F,wtyler@example.org
1819,Melanie Davis,22,C,manningamy@example.org
1820,Elizabeth Huff,21,E,djohnson@example.org
1821,Melissa Wilson,22,E,nnash@example.org
1822,Clayton May,21,A,urangel@example.com
1823,Paula Francis,20,D,scottdennis@example.net
1824,Andrea Gould,25,F,freemanpatrick@example.com
1825,Susan Hurley,29,C,harrisonashley@example.org
1826,Joann Rosales,24,B,kristopherheath@example.com
1827,Kristen Lowery,28,A,andrewmyers@example.net
1828,Andrew Thomas,28,E,vgonzalez@example.com
1829,Melissa Adams,22,D,holderpeggy@example.net
1830,Tiffany Lopez,30,F,jeffreyjackson@example.net
1831,Emily Allison,23,E,hubbardjoseph@example.com
1832,Stephanie Sosa,19,F,williamsdrew@example.org
1833,Anna Diaz,25,D,stacey93@example.net
1834,Curtis Sullivan,19,D,jamesgutierrez@example.net
1835,Breanna Gonzalez,18,D,myersanthony@example.org
1836,Kenneth Murphy,18,E,valdezpatrick@example.org
1837,Mr. Dennis Watson,18,A,churchmary@example.com
1838,Lisa Martin,29,C,mariamcgrath@example.net
1839,Sierra Ruiz,19,A,michele73@example.net
1840,Carol Gray,22,E,sshaw@example.org
1841,Debra Reeves,18,D,kristensoto@example.com
1842,Francisco Lopez,20,F,leemelissa@example.org
1843,Felicia Evans,18,D,john92@example.net
1844,Timothy Baker,21,A,dustinmckee@example.net
1845,Samuel Morton,18,F,ronald41@example.net
1846,Kristin Santos,24,A,whitneyvasquez@example.com
1847,Brandy Wong,18,C,brittney50@example.com
1848,Jose Smith,22,F,wisedennis@example.net
1849,Joseph Hill,19,F,sherry97@example.org
1850,Michael Lewis,23,E,joel26@example.org
1851,Cristina Reyes,25,B,guerraaudrey@example.net
1852,Lindsey Mora,25,B,stevenlindsey@example.org
1853,Robert Branch,29,D,lwilkerson@example.net
1854,Willie Williamson,26,C,caseygutierrez@example.com
1855,Joshua Mcintyre,18,C,bwilson@example.net
1856,Amanda Hull,21,C,rachel54@example.org
1857,Eric Hall,20,B,seansmith@example.net
1858,Mary Hall,25,E,ybrown@example.net
1859,Mary Brown,21,F,martinezstephen@example.org
1860,Meredith Stewart,19,F,carlosbarnes@example.com
1861,Kimberly Green,29,C,tammymiller@example.com
1862,Kimberly Price,29,A,jessica18@example.org
1863,Gary Mendoza,22,E,brandon61@example.org
1864,Amy Doyle,20,C,david05@example.net
1865,Jeffrey Cooper,21,E,francogregory@example.org
1866,Christina Morris,19,F,geralddavis@example.net
1867,Christopher Williamson,18,D,smithkevin@example.org
1868,Kathryn Thomas,25,E,nelsonjennifer@example.net
1869,Margaret Tate MD,22,D,richardsonbryan@example.org
1870,Eric Clark,24,F,pwilson@example.net
1871,Jeffrey Mercer,25,E,rsmith@example.net
1872,Andrew Gonzalez,29,A,stevenkennedy@example.com
1873,Mitchell Strickland,20,A,rfuentes@example.com
1874,Eugene Hayden,30,D,colton32@example.com
1875,Susan Young,21,E,ellen93@example.org
1876,Emily Benjamin,25,B,hayesmichael@example.org
1877,Brett Sanders,19,C,jessica25@example.com
1878,Michelle Bonilla,24,E,campbellsamantha@example.org
1879,Angela Kelly,23,C,ishea@example.net
1880,James Garcia,20,E,kimberly95@example.net
1881,Marie Odonnell,28,B,huntjoseph@example.com
1882,Matthew Wright,21,F,murraymark@example.com
1883,Ashlee Lee,30,E,anthony15@example.net
1884,Thomas Gibbs,27,A,christopherknight@example.org
1885,Patrick Flores,30,B,margaret05@example.org
1886,Andrea Adams,18,B,karen79@example.net
1887,Kimberly Cooper,20,C,wtucker@example.com
1888,Susan Gibson,30,D,vincentjimenez@example.net
1889,Michele Spencer,20,D,timothyrodriguez@example.net
1890,Jacqueline Rivers,25,A,ronnie85@example.com
1891,Maria Morris,28,F,richard10@example.org
1892,Leslie Zhang,26,F,tiffanywright@example.net
1893,Shannon Thomas,30,C,samuelbradley@example.org
1894,Sharon Lindsey,23,B,floreskyle@example.com
1895,Allison Lambert,26,E,vgonzalez@example.com
1896,Priscilla Ford,29,D,shannonthomas@example.net
1897,Scott Shelton,26,F,karen87@example.net
1898,Brandon Williams,30,D,justin84@example.net
1899,Jeffery Murphy,25,D,yfrey@example.com
1900,Erica Gutierrez,18,E,barnesjonathan@example.com
1901,Raymond Daniels,23,B,isimon@example.com
1902,Brian Lambert,18,F,perezkimberly@example.org
1903,Austin Graham,27,C,johnsonanna@example.org
1904,Jaime Kerr,19,A,pparker@example.com
1905,Brian Rose II,23,C,samanthaparrish@example.com
1906,Bailey Palmer,22,C,reginarobertson@example.org
1907,Jason Sawyer,29,C,hernandezlisa@example.com
1908,Jasmine Roth,23,E,chelsea11@example.org
1909,Suzanne Wilson,26,D,wrightlaura@example.com
1910,Jeremy Stokes,19,C,sullivanmichael@example.net
1911,Christina Reed,21,C,stephenmendez@example.net
1912,Billy Vasquez,24,D,nathanmartin@example.org
1913,Patricia Sawyer,27,E,james11@example.com
1914,Shannon Edwards,27,F,kenneth92@example.org
1915,Jennifer Robertson,25,B,curtis01@example.org
1916,Scott Alvarez Jr.,19,F,tracymejia@example.net
1917,Paula Hughes,21,E,hardingchristopher@example.net
1918,Jason Ford,18,F,lisa80@example.net
1919,James Buchanan,19,E,smithcarolyn@example.net
1920,Michael Sharp,29,F,martinezbryan@example.com
1921,Eric Gomez,19,F,adamsrichard@example.net
1922,Anthony Munoz,21,A,cynthiaacevedo@example.org
1923,Michael Smith MD,27,B,longsharon@example.org
1924,Melissa Wood,24,E,wendy62@example.com
1925,Jeff Roberson,26,F,jessica00@example.net
1926,Annette Marshall,21,B,wallacerobert@example.com
1927,Barbara Wilkins,24,C,amandabarnes@example.org
1928,Rachel Young,25,F,robertbell@example.net
1929,Heather Porter,28,E,wanda01@example.org
1930,Rickey Jackson,21,E,ashleykim@example.com
1931,Henry Wells,29,F,maria65@example.org
1932,Karen Hansen,18,D,jacob44@example.org
1933,Emily Ford,28,B,lgordon@example.com
1934,Barbara Mathews,29,F,ghobbs@example.org
1935,Laura Jones,18,C,monique42@example.net
1936,Veronica Peterson,19,E,amy93@example.com
1937,Jesus Williams,19,D,samuelwilson@example.org
1938,William Chapman,19,B,corydavis@example.net
1939,Christopher Munoz,20,A,zsellers@example.net
1940,Allison Rosales,23,B,djoseph@example.com
1941,Danielle Mitchell,29,E,allisonjoseph@example.org
1942,Timothy Mann DDS,28,D,wellschristopher@example.net
1943,Mark Nash,22,F,gjones@example.org
1944,Nicole Franco,24,D,meganbishop@example.net
1945,Robert Barry,26,B,gregory71@example.com
1946,Eric Dixon,23,E,lturner@example.com
1947,Pamela Jones,23,A,owalsh@example.net
1948,Thomas Jacobson,20,F,derrickfowler@example.org
1949,Brandon Pope,18,B,zacharypalmer@example.com
1950,Gregory Brown,24,B,xthomas@example.com
1951,Brittany Reid,20,E,erik77@example.net
1952,Diana Perry DDS,30,C,mary49@example.net
1953,Thomas Knapp,22,C,brittanylopez@example.org
1954,Kelsey Solis,21,E,vbennett@example.net
1955,Dr. Heather Montgomery DDS,20,B,yorkmiguel@example.com
1956,Ryan Stone,26,E,lindsey43@example.com
1957,Daniel Lester,27,E,hallsandra@example.org
1958,Suzanne Mitchell,28,D,idavis@example.org
1959,Brett Salazar,30,B,chasesmith@example.com
1960,Jennifer Thompson,25,C,wallacenathan@example.net
1961,Anthony Leblanc,20,A,anitapoole@example.net
1962,Jeffrey Evans,20,E,tyler10@example.com
1963,Angela Wiggins,22,F,taylortimothy@example.org
1964,Mitchell Rodriguez,20,C,wgreen@example.com
1965,Larry Poole,23,A,trodriguez@example.com
1966,Samantha Rivera,22,E,christinanoble@example.org
1967,Michael Moore,30,A,whitney94@example.com
1968,Kayla Anderson,25,B,justincabrera@example.org
1969,Karen Johnson,28,D,michaelcordova@example.net
1970,Lisa Nelson,18,F,alyssafoster@example.com
1971,Crystal Cole,26,F,jason54@example.com
1972,Stephen Riley,25,F,aatkinson@example.org
1973,Deborah Johnson,30,C,yhardy@example.com
1974,Christina Leonard,27,E,sharoncannon@example.org
1975,Sheri Myers,29,A,davisjacqueline@example.com
1976,Jared Velez,27,D,abowman@example.net
1977,Richard Dominguez DVM,25,F,reedvictoria@example.com
1978,Jonathan Rice,22,E,kingmichael@example.com
1979,Susan Hebert,21,E,mhenderson@example.com
1980,Mrs. Isabel Bowen,22,A,mwelch@example.com
1981,Jimmy Cardenas,25,C,walkerryan@example.org
1982,Carla David,20,F,kirkrose@example.net
1983,Joshua Case,18,F,kylemoore@example.org
1984,Eric Anderson,30,B,dpeters@example.com
1985,Brad West,24,D,carsonjustin@example.org
1986,Amanda Hodges,24,F,hutchinsontimothy@example.net
1987,Laurie Velasquez,20,F,bwilliamson@example.com
1988,Katherine Rasmussen,28,B,wwalters@example.org
1989,Regina Martinez,26,B,ariasdanielle@example.com
1990,David Burgess,23,F,bryancruz@example.net
1991,Helen Christensen,18,F,kirbyjeff@example.org
1992,Mary Gregory,21,C,erin39@example.com
1993,Beth Walker,22,A,joshua74@example.net
1994,Alisha Roberson,24,E,williamrodriguez@example.com
1995,Jesse Hernandez,20,C,maurice13@example.org
1996,Lindsay Castillo,21,F,lopeztimothy@example.org
1997,Kathleen Lopez,19,F,asmith@example.com
1998,Alicia Cole,21,F,josephball@example.org
1999,Nicole Sparks,29,E,kchavez@example.com
2000,Jeffrey Jackson,23,B,elizabeth87@example.org
